,#,"Country,Other",TotalCases,NewCases,TotalDeaths,NewDeaths,TotalRecovered,NewRecovered,ActiveCases,"Serious,Critical",Tot Cases/1M pop,Deaths/1M pop,TotalTests,Tests/,1M pop,,Population,Continent,1 Caseevery X ppl1 Deathevery X ppl1 Testevery X ppl,
,,,North America,,"33,633,677","+3,024","761,890",+469,"23,389,486","+6,239","9,482,301","21,083",,,,,,North America,,,,,
,,,Asia,,"25,092,940","+19,244","399,365",+347,"23,594,231","+20,364","1,099,344","21,895",,,,,,Asia,,,,,
,,,South America,,"18,048,525",+757,"468,234",+17,"16,325,612",+620,"1,254,679","18,969",,,,,,South America,,,,,
,,,Europe,,"34,298,085","+46,775","817,196","+1,248","23,945,780","+41,622","9,535,109","25,841",,,,,,Europe,,,,,
,,,Africa,,"3,935,446","+1,238","104,205",+21,"3,494,990","+2,796","336,251","2,526",,,,,,Africa,,,,,
,,,Oceania,,"51,300",+15,"1,090",,"34,293",+7,"15,917",2,,,,,,Australia/Oceania,,,,,
,,,,,721,,15,,706,,0,0,,,,,,,,,,,
,,World,"115,060,694","+71,053","2,551,995","+2,102","90,785,098","+71,648","21,723,601","90,316","14,761",327.4,,,,All,,,,,
,1,USA,"29,314,254",,"527,226 ",,"19,817,532",,"8,969,496","14,545","88,218","1,587","360,725,221","1,085,561","332,293,850 ",North America,116301,
,2,India,"11,124,527",+908,"157,275 ",,"10,798,921","+2,363","168,331","8,944","8,009",113,"217,618,057","156,671","1,389,012,340 ",Asia,"1258,8326",
,3,Brazil,"10,589,608",,"255,836 ",,"9,457,100",,"876,672","8,318","49,585","1,198","28,600,000","133,918","213,563,946 ",South America,208357,
,4,Russia,"4,268,215","+10,565","86,896 ",+441,"3,838,040","+14,966","343,279","2,300","29,239",595,"111,500,000","763,823","145,976,195 ",Europe,"341,6801",
,5,UK,"4,182,009",,"122,953 ",,"2,959,884",,"1,099,172","1,971","61,389","1,805","90,739,196","1,331,985","68,123,305 ",Europe,165541,
,6,France,"3,760,671",,"86,803 ",,"258,384",,"3,415,484","3,544","57,529","1,328","53,281,689","815,082","65,369,759 ",Europe,177531,
,7,Spain,"3,204,531",,"69,609 ",,"2,722,304",,"412,618","2,923","68,521","1,488","39,313,189","840,621","46,766,856 ",Europe,156721,
,8,Italy,"2,938,371",,"97,945 ",,"2,416,093",,"424,333","2,289","48,647","1,622","40,303,520","667,249","60,402,483 ",Europe,216171,
,9,Turkey,"2,711,479",,"28,638 ",,"2,578,181",,"104,660","1,215","31,922",337,"33,305,552","392,101","84,941,319 ",Asia,"312,9663",
,10,Germany,"2,455,569",,"70,924 ",,"2,264,600","+9,100","120,045","2,848","29,246",845,"43,950,029","523,449","83,962,383 ",Europe,"341,1842",
,11,Colombia,"2,255,260",,"59,866 ",,"2,151,633",,"43,761","2,240","44,011","1,168","11,491,151","224,249","51,242,817 ",South America,238564,
,12,Argentina,"2,112,023",,"52,077 ",,"1,911,338",,"148,608","3,505","46,447","1,145","7,466,942","164,213","45,471,214 ",South America,228736,
,13,Mexico,"2,089,281","+2,343","186,152 ",+437,"1,639,943","+6,043","263,186","4,798","16,092","1,434","5,460,692","42,060","129,831,819 ",North America,6269724,
,14,Poland,"1,719,708","+7,937","44,008 ",+216,"1,438,032","+7,171","237,668","1,540","45,472","1,164","9,945,404","262,974","37,818,948 ",Europe,228594,
,15,Iran,"1,639,679",,"60,181 ",,"1,399,934",,"179,564","3,727","19,357",710,"10,912,409","128,827","84,705,636 ",Asia,"521,4088",
,16,South Africa,"1,513,959",,"50,077 ",,"1,431,336",,"32,546",546,"25,315",837,"9,077,479","151,786","59,804,451 ",Africa,"401,1947",
,17,Ukraine,"1,357,470","+5,336","26,212 ",+162,"1,176,918","+5,194","154,340",177,"31,165",602,"6,948,980","159,534","43,558,040 ",Europe,"321,6626",
,18,Indonesia,"1,347,026","+5,712","36,518 ",+193,"1,160,863","+8,948","149,645",,"4,890",133,"10,834,875","39,336","275,443,201 ",Asia,"2047,54325",
,19,Peru,"1,332,939",,"46,685 ",,"1,236,668",,"49,586","2,153","40,057","1,403","7,604,514","228,527","33,276,156 ",South America,257134,
,20,Czechia,"1,252,242","+12,150","20,701 ",+96,"1,082,617",+475,"148,924","1,568","116,789","1,931","8,176,797","762,603","10,722,222 ",Europe,95181,
,21,Netherlands,"1,092,452",,"15,584 ",,N/A,N/A,N/A,536,"63,662",908,"6,970,400","406,197","17,160,136 ",Europe,"161,1012",
,22,Canada,"870,033",,"22,017 ",,"817,586",,"30,430",567,"22,919",580,"24,545,470","646,580","37,961,976 ",North America,"441,7242",
,23,Chile,"829,770",,"20,660 ",,"784,213",,"24,897","1,675","43,161","1,075","9,423,598","490,169","19,225,214 ",South America,239312,
,24,Portugal,"804,956",,"16,351 ",,"720,235",,"68,370",469,"79,097","1,607","8,233,879","809,079","10,176,851 ",Europe,136221,
,25,Romania,"804,090",,"20,403 ",,"741,471",,"42,216","1,022","41,985","1,065","6,059,263","316,380","19,151,839 ",Europe,249393,
,26,Israel,"781,857","+1,899","5,779 ",+19,"736,888","+1,038","39,190",729,"85,007",628,"12,108,835","1,316,523","9,197,590 ",Asia,"121,5921",
,27,Belgium,"772,294",+783,"22,106 ",+29,"52,585",+61,"697,603",407,"66,444","1,902","9,483,745","815,932","11,623,201 ",Europe,155261,
,28,Iraq,"699,088",,"13,428 ",,"639,639",,"46,021",410,"17,127",329,"6,881,821","168,599","40,817,743 ",Asia,"583,0406",
,29,Sweden,"657,309",,"12,826 ",,N/A,N/A,N/A,234,"64,816","1,265","6,139,911","605,445","10,141,149 ",Europe,157912,
,30,Pakistan,"582,528","+1,163","12,938 ",+42,"547,406","+1,035","22,184","1,529","2,604",58,"9,022,124","40,327","223,725,678 ",Asia,"38417,29225",
,31,Philippines,"580,442","+2,067","12,369 ",+47,"534,463",+144,"33,610",785,"5,251",112,"8,785,105","79,469","110,547,691 ",Asia,"1908,93713",
,32,Switzerland,"557,492",,"9,988 ",,"511,437",,"36,067",181,"64,104","1,148","5,088,223","585,075","8,696,696 ",Europe,168712,
,33,Bangladesh,"546,801",,"8,416 ",,"497,797",,"40,588",,"3,298",51,"4,057,597","24,476","165,778,659 ",Asia,"30319,69841",
,34,Morocco,"483,766",,"8,637  ",,"469,345",,"5,784",253,"13,004",232,"5,660,854","152,171","37,200,727 ",Africa,"774,3077",
,35,Austria,"462,769","+1,920","8,605 ",+31,"433,873","+1,857","20,291",296,"51,188",952,"5,456,284","603,532","9,040,586 ",Europe,"201,0512",
,36,Serbia,"462,728",,"4,459 ",,"400,347",,"57,922",164,"53,103",512,"2,953,793","338,977","8,713,853 ",Europe,"191,9543",
,37,Hungary,"435,689","+2,764","15,188 ",+130,"324,202","+1,246","96,299",581,"45,177","1,575","3,693,390","382,974","9,643,970 ",Europe,226353,
,38,Japan,"432,773",,"7,887 ",,"410,604",,"14,282",436,"3,429",62,"8,256,502","65,415","126,217,845 ",Asia,"29216,00315",
,39,Jordan,"397,158",,"4,727 ",,"351,256",,"41,175",314,"38,670",460,"4,641,226","451,904","10,270,381 ",Asia,"262,1732",
,40,UAE,"396,771","+2,721","1,253 ",+15,"383,998","+1,666","11,520",,"39,798",126,"31,066,043","3,116,062","9,969,649 ",Asia,"257,9570",
,41,Saudi Arabia,"377,700",,"6,500 ",,"368,640",,"2,560",492,"10,738",185,"13,680,202","388,943","35,172,767 ",Asia,"935,4113",
,42,Lebanon,"376,938",,"4,743 ",,"294,270",,"77,925",898,"55,391",697,"3,033,254","445,738","6,805,016 ",Asia,"181,4352",
,43,Panama,"341,420",,"5,858 ",,"327,317",,"8,245",195,"78,312","1,344","1,913,569","438,920","4,359,725 ",North America,137442,
,44,Slovakia,"311,002","+2,077","7,388 ",+118,"255,300",,"48,314",694,"56,945","1,353","2,060,990","377,374","5,461,406 ",Europe,187393,
,45,Malaysia,"304,135","+1,555","1,141 ",+6,"278,431","+2,528","24,563",204,"9,318",35,"6,274,787","192,237","32,640,901 ",Asia,"10728,6075",
,46,Belarus,"288,267",,"1,985 ",,"278,661",,"7,621",,"30,513",210,"4,908,397","519,558","9,447,249 ",Europe,"334,7592",
,47,Ecuador,"286,367",,"15,832 ",,"247,898",,"22,637",524,"16,070",888,"1,011,259","56,747","17,820,433 ",South America,"621,12618",
,48,Nepal,"274,294",+78,"2,777 ",,"270,543",+72,974,,"9,303",94,"2,165,985","73,465","29,483,260 ",Asia,"10710,61714",
,49,Georgia,"271,379",+461,"3,532 ",+12,"265,686",+163,"2,161",,"68,116",887,"2,752,944","690,990","3,984,055 ",Asia,"151,1281",
,50,Bolivia,"249,767",+757,"11,666 ",+17,"193,652",+620,"44,449",71,"21,205",990,"727,400","61,756","11,778,531 ",South America,"471,01016",
,51,Bulgaria,"249,626",,"10,308 ",,"206,630",,"32,688",414,"36,107","1,491","1,681,417","243,210","6,913,440 ",Europe,286714,
,52,Croatia,"243,458",+394,"5,548 ",+11,"235,017",+382,"2,893",65,"59,549","1,357","1,354,191","331,233","4,088,334 ",Europe,177373,
,53,Dominican Republic,"239,998",,"3,106 ",,"192,078",,"44,814",203,"21,978",284,"1,210,716","110,870","10,920,127 ",North America,"463,5169",
,54,Azerbaijan,"235,014",+352,"3,225 ",+2,"228,982",+143,"2,807",,"23,041",316,"2,610,880","255,972","10,199,878 ",Asia,"433,1634",
,55,Tunisia,"233,669",,"8,022 ",,"198,778",,"26,869",272,"19,635",674,"982,163","82,530","11,900,699 ",Africa,"511,48412",
,56,Ireland,"220,273",,"4,319 ",,"23,364",,"192,590",117,"44,281",868,"3,523,320","708,293","4,974,381 ",Europe,"231,1521",
,57,Kazakhstan,"214,089",+658,"2,540 ",,"197,782",+893,"13,767",221,"11,312",134,"7,419,449","392,031","18,925,661 ",Asia,"887,4513",
,58,Denmark,"211,692",,"2,365 ",,"202,517",,"6,810",44,"36,462",407,"17,154,704","2,954,760","5,805,786 ",Europe,"272,4550",
,59,Costa Rica,"205,086",,"2,812 ",,"181,851",,"20,423",147,"40,017",549,"690,013","134,636","5,125,013 ",North America,"251,8237",
,60,Lithuania,"199,825",+426,"3,263 ",+7,"185,770",+922,"10,792",153,"74,097","1,210","2,132,358","790,699","2,696,802 ",Europe,138261,
,61,Greece,"192,270",,"6,534 ",,"165,718",,"20,018",406,"18,507",629,"5,253,798","505,707","10,389,020 ",Europe,"541,5902",
,62,Kuwait,"192,031",,"1,085 ",,"180,155",,"10,791",157,"44,530",252,"1,792,041","415,556","4,312,396 ",Asia,"223,9752",
,63,Slovenia,"191,056",+729,"3,854 ",,"175,210",,"11,992",91,"91,892","1,854","918,299","441,675","2,079,129 ",Europe,115392,
,64,Moldova,"186,447",,"3,975 ",,"166,833",,"15,639",307,"46,291",987,"719,950","178,750","4,027,703 ",Europe,"221,0136",
,65,Palestine,"185,336",,"2,058  ",,"167,744",,"15,534",116,"35,782",397,"1,183,235","228,442","5,179,587 ",Asia,"282,5174",
,66,Egypt,"183,010",,"10,736 ",,"141,347",,"30,927",90,"1,766",104,"1,000,000","9,652","103,609,799 ",Africa,"5669,651104",
,67,Guatemala,"174,653",,"6,402 ",,"161,816",,"6,435",5,"9,631",353,"918,648","50,657","18,134,600 ",North America,"1042,83320",
,68,Armenia,"172,456",+240,"3,200 ",+5,"163,738",+227,"5,518",,"58,126","1,079","736,590","248,266","2,966,934 ",Asia,179274,
,69,Honduras,"170,985",+681,"4,174 ",+23,"66,709",+196,"100,102",406,"17,083",417,"449,997","44,960","10,008,866 ",North America,"592,39822",
,70,Qatar,"164,600",+463,259 ,,"154,420",+359,"9,921",106,"58,622",92,"1,550,694","552,280","2,807,805 ",Asia,"1710,8412",
,71,Paraguay,"160,448",,"3,198 ",,"134,392",,"22,858",262,"22,313",445,"755,317","105,042","7,190,634 ",South America,"452,24810",
,72,Ethiopia,"159,972",,"2,373 ",,"135,177",,"22,422",375,"1,369",20,"2,140,427","18,319","116,839,161 ",Africa,"73049,23755",
,73,Nigeria,"156,017",,"1,915 ",,"133,904",,"20,198",10,745,9,"1,544,008","7,370","209,504,660 ",Africa,"1,343109,402136",
,74,Oman,"142,169",+361,"1,580 ",+3,"132,945",+260,"7,644",70,"27,382",304,"1,550,000","298,528","5,192,135 ",Asia,"373,2863",
,75,Myanmar,"141,916",,"3,199 ",,"131,487",,"7,230",,"2,597",59,"2,491,825","45,594","54,652,346 ",Asia,"38517,08422",
,76,Venezuela,"139,545",,"1,348 ",,"131,647",,"6,550",131,"4,917",47,"2,898,004","102,107","28,382,129 ",South America,"20321,05510",
,77,Libya,"134,967",+840,"2,216 ",+6,"122,079",+963,"10,672",,"19,467",320,"733,872","105,849","6,933,208 ",Africa,"513,1299",
,78,Bosnia and Herzegovina,"130,979",,"5,071 ",,"115,847",,"10,061",,"40,089","1,552","661,206","202,379","3,267,170 ",Europe,256445,
,79,Bahrain,"123,039",,452 ,,"115,895",,"6,692",62,"70,699",260,"3,107,719","1,785,726","1,740,311 ",Asia,"143,8501",
,80,Algeria,"113,255",,"2,987 ",,"78,234",,"32,034",21,"2,552",67,,,"44,374,506 ",Africa,"39214,856",
,81,Albania,"107,931",,"1,816 ",,"70,413",,"35,702",46,"37,532",631,"465,100","161,735","2,875,700 ",Europe,"271,5846",
,82,Kenya,"106,125",,"1,859 ",,"86,717",,"17,549",57,"1,945",34,"1,301,051","23,849","54,552,594 ",Africa,"51429,34542",
,83,North Macedonia,"103,020",,"3,144 ",,"91,507",,"8,369",124,"49,450","1,509","523,726","251,390","2,083,317 ",Europe,206634,
,84,S. Korea,"90,372",+344,"1,606 ",+1,"81,338",+268,"7,428",135,"1,762",31,"6,681,976","130,256","51,298,605 ",Asia,"56831,9428",
,85,Latvia,"86,458",,"1,621 ",,"75,255",,"9,582",74,"46,179",866,"1,503,899","803,270","1,872,222 ",Europe,"221,1551",
,86,Kyrgyzstan,"86,308",+57,"1,467 ",+1,"83,269",+59,"1,572",16,"13,086",222,"749,089","113,577","6,595,412 ",Asia,"764,4969",
,87,Ghana,"84,023",,607 ,,"77,972",,"5,444",132,"2,667",19,"902,813","28,660","31,501,063 ",Africa,"37551,89635",
,88,Sri Lanka,"83,552",,476 ,,"79,422",,"3,654",,"3,891",22,"2,122,696","98,854","21,473,023 ",Asia,"25745,11110",
,89,Uzbekistan,"79,961",+35,622 ,,"78,513",+17,826,27,"2,366",18,"1,377,915","40,778","33,790,474 ",Asia,"42354,32625",
,90,Zambia,"79,002",,"1,098 ",,"75,087",,"2,817",246,"4,220",59,"1,092,974","58,378","18,722,445 ",Africa,"23717,05117",
,91,Montenegro,"76,283",,"1,015 ",,"66,710",,"8,558",68,"121,447","1,616","281,114","447,549","628,119 ",Europe,86192,
,92,Norway,"71,735",,623 ,,"66,014",,"5,098",22,"13,164",114,"3,870,115","710,189","5,449,414 ",Europe,"768,7471",
,93,Estonia,"67,739","+1,113",605 ,+7,"50,351",+248,"16,783",44,"51,042",456,"946,144","712,925","1,327,130 ",Europe,"202,1941",
,94,Singapore,"59,956",+8,29 ,,"59,830",,97,1,"10,195",5,"7,290,760","1,239,731","5,880,920 ",Asia,"98202,7901",
,95,El Salvador,"59,866",,"1,869 ",+9,"55,312",,"2,685",43,"9,199",287,"761,858","117,065","6,507,985 ",North America,"1093,4829",
,96,Mozambique,"59,607",,653 ,,"41,413",,"17,541",,"1,873",21,"423,338","13,299","31,831,135 ",Africa,"53448,74675",
,97,Finland,"58,645",+581,750 ,,"46,000",,"11,895",39,"10,573",135,"3,367,970","607,229","5,546,457 ",Europe,"957,3952",
,98,Uruguay,"58,589",,611 ,,"50,624",,"7,354",76,"16,827",175,"1,023,312","293,908","3,481,748 ",South America,"595,6983",
,99,Afghanistan,"55,759",,"2,446 ",,"49,344",,"3,969","1,067","1,411",62,"299,513","7,581","39,506,499 ",Asia,"70916,151132",
,100,Luxembourg,"55,480",,639 ,,"52,019",,"2,822",20,"87,685","1,010","2,123,853","3,356,719","632,717 ",Europe,119900,
,101,Cuba,"50,590",,324 ,,"46,106",,"4,160",62,"4,468",29,"2,411,287","212,974","11,322,003 ",North America,"22434,9445",
,102,Uganda,"40,367",,334 ,,"14,989",,"25,044",,865,7,"881,407","18,878","46,688,793 ",Africa,"1,157139,78753",
,103,Namibia,"39,033",,428 ,,"36,335",,"2,270",22,"15,180",166,"304,421","118,391","2,571,324 ",Africa,"666,0088",
,104,Zimbabwe,"36,115",,"1,468 ",,"32,905",,"1,742",41,"2,407",98,"341,569","22,762","15,006,223 ",Africa,"41610,22244",
,105,Cameroon,"35,714",,551 ,,"32,594",,"2,569",53,"1,324",20,"149,000","5,522","26,981,052 ",Africa,"75548,967181",
,106,Cyprus,"35,009",,231 ,,"2,057",,"32,721",24,"28,857",190,"2,012,005","1,658,425","1,213,202 ",Asia,"355,2521",
,107,Senegal,"34,832",+100,888 ,+8,"29,402",+241,"4,542",49,"2,045",52,"391,971","23,011","17,034,286 ",Africa,"48919,18343",
,108,Ivory Coast,"32,791",,193 ,,"31,712",,886,,"1,223",7,"424,625","15,839","26,808,498 ",Africa,"818138,90463",
,109,Malawi,"32,008",,"1,048 ",,"19,513",,"11,447",4,"1,645",54,"198,742","10,215","19,455,337 ",Africa,"60818,56498",
,110,Botswana,"30,727",,332 ,,"24,884",,"5,511",1,"12,894",139,"815,362","342,161","2,382,980 ",Africa,"787,1783",
,111,Australia,"28,986",+11,909 ,,"26,180",+5,"1,897",,"1,128",35,"14,411,837","560,856","25,696,142 ",Australia/Oceania,"88728,2692",
,112,Sudan,"28,406",,"1,890 ",,"22,975",,"3,541",,638,42,,,"44,524,111 ",Africa,"1,56723,558",
,113,Thailand,"26,073",+42,84 ,+1,"25,420",+96,569,1,373,1,"1,217,873","17,419","69,916,675 ",Asia,"2,682832,34157",
,114,DRC,"26,050",+88,711 ,+4,"20,466","+1,515","4,873",,285,8,,,"91,349,093 ",Africa,"3,507128,480",
,115,Jamaica,"23,599",,425 ,,"13,502",,"9,672",22,"7,946",143,"213,859","72,012","2,969,771 ",North America,"1266,98814",
,116,Malta,"22,657",,316 ,,"19,663",,"2,678",18,"51,222",714,"702,110","1,587,313","442,326 ",Europe,"201,4001",
,117,Angola,"20,854",,508 ,,"19,400",,946,12,622,15,"190,449","5,679","33,537,239 ",Africa,"1,60866,018176",
,118,Maldives,"19,979",,62 ,,"17,343",,"2,574",162,"36,535",113,"527,850","965,275","546,839 ",Asia,"278,8201",
,119,Madagascar,"19,831",,297 ,,"19,296",,238,23,704,11,"119,608","4,247","28,159,641 ",Africa,"1,42094,814235",
,120,Rwanda,"18,986",,264 ,,"17,322",,"1,400",11,"1,442",20,"1,012,451","76,912","13,163,684 ",Africa,"69349,86213",
,121,French Polynesia,"18,414",,139 ,,"4,842",,"13,433",2,"65,301",493,"26,355","93,461","281,988 ",Australia/Oceania,"152,02911",
,122,Mayotte,"17,600",,110  ,,"2,964",,"14,526",23,"63,503",397,"130,738","471,719","277,152 ",Africa,"162,5202",
,123,Mauritania,"17,217",,441 ,,"16,583",,193,14,"3,640",93,"174,247","36,838","4,730,086 ",Africa,"27510,72627",
,124,Eswatini,"17,025",,652 ,,"14,800",,"1,573",36,"14,574",558,"151,618","129,795","1,168,137 ",Africa,"691,7928",
,125,French Guiana,"16,627",,85 ,,"9,995",,"6,547",6,"54,734",280,"149,894","493,433","303,778 ",South America,"183,5742",
,126,Guinea,"16,081",+76,91 ,+2,"14,994",+77,996,24,"1,203",7,"140,333","10,498","13,367,107 ",Africa,"831146,89195",
,127,Syria,"15,642",,"1,032 ",,"9,880",,"4,730",,880,58,,,"17,780,740 ",Asia,"1,13717,229",
,128,Cabo Verde,"15,432",,147 ,,"14,875",,410,23,"27,557",263,"122,430","218,627","559,994 ",Africa,"363,8095",
,129,Gabon,"14,849",,87 ,,"13,288",,"1,474",17,"6,569",38,"531,800","235,274","2,260,347 ",Africa,"15225,9814",
,130,Tajikistan,"13,308",,90 ,,"13,218",,0,,"1,375",9,,,"9,678,921 ",Asia,"727107,544",
,131,Haiti,"12,493",,250 ,,"9,763",,"2,480",,"1,087",22,"54,379","4,731","11,494,705 ",North America,"92045,979211",
,132,Réunion,"12,416",,52 ,,"11,270",,"1,094",55,"13,802",58,"98,785","109,815","899,560 ",Africa,"7217,2999",
,133,Belize,"12,313",,315 ,,"11,860",,138,2,"30,599",783,"85,510","212,500","402,400 ",North America,"331,2775",
,134,Burkina Faso,"12,030",,143 ,,"11,588",,299,,565,7,,,"21,280,234 ",Africa,"1,769148,813",
,135,Hong Kong,"11,033",+13,200 ,,"10,563",+16,270,14,"1,464",27,"8,601,877","1,141,226","7,537,398 ",Asia,"68337,6871",
,136,Andorra,"10,889",,110 ,,"10,475",,304,17,"140,781","1,422","193,595","2,502,941","77,347 ",Europe,77030,
,137,Lesotho,"10,495",,295 ,,"3,768",,"6,432",,"4,873",137,"61,205","28,421","2,153,535 ",Africa,"2057,30035",
,138,Guadeloupe,"9,746",,159 ,,"2,242",,"7,345",6,"24,355",397,"131,178","327,806","400,170 ",North America,"412,5173",
,139,Suriname,"8,933",,173 ,,"8,413",,347,3,"15,138",293,"40,968","69,423","590,123 ",South America,"663,41114",
,140,Congo,"8,820",,128 ,,"7,019",,"1,673",,"1,573",23,"92,500","16,496","5,607,552 ",Africa,"63643,80961",
,141,Guyana,"8,595",,197 ,,"7,993",,405,5,"10,892",250,"65,719","83,286","789,078 ",South America,"924,00512",
,142,Bahamas,"8,519",,179 ,,"7,309",,"1,031",2,"21,527",452,"67,841","171,429","395,739 ",North America,"462,2116",
,143,Mali,"8,390",,355 ,,"6,408",,"1,627",,407,17,"153,345","7,432","20,634,137 ",Africa,"2,45958,124135",
,144,South Sudan,"8,144",+134,95 ,+1,"4,217",,"3,832",8,722,8,"111,214","9,859","11,280,773 ",Africa,"1,385118,745101",
,145,Aruba,"7,908",,74 ,,"7,655",,179,11,"73,860",691,"105,839","988,521","107,068 ",North America,"141,4471",
,146,Trinidad and Tobago,"7,716",,139 ,,"7,474",,103,2,"5,502",99,"97,750","69,697","1,402,506 ",North America,"18210,09014",
,147,Somalia,"7,392",,243 ,,"3,814",,"3,335",,457,15,,,"16,184,755 ",Africa,"2,18966,604",
,148,Togo,"6,933",,85 ,,"5,663",,"1,185",,825,10,"237,033","28,196","8,406,614 ",Africa,"1,21398,90135",
,149,Martinique,"6,687",,45 ,,98,,"6,544",2,"17,829",120,"100,913","269,050","375,071 ",North America,"568,3354",
,150,Nicaragua,"6,445",,173 ,,"4,225",,"2,047",,965,26,,,"6,676,827 ",North America,"1,03638,594",
,151,Equatorial Guinea,"6,095",,92 ,,"5,632",,371,24,"4,253",64,"98,603","68,799","1,433,205 ",Africa,"23515,57815",
,152,Djibouti,"6,087",,63 ,,"5,898",,126,,"6,102",63,"115,933","116,222","997,516 ",Africa,"16415,8349",
,153,Iceland,"6,054",,29 ,,"6,012",,13,7,"17,665",85,"501,927","1,464,557","342,716 ",Europe,"5711,8181",
,154,Benin,"5,434",,70 ,,"4,248",,"1,116",35,441,6,"476,511","38,640","12,332,176 ",Africa,"2,269176,17426",
,155,CAR,"5,004",,63 ,,"4,920",,21,2,"1,024",13,"37,104","7,595","4,885,300 ",Africa,"97677,544132",
,156,Niger,"4,740",,172 ,,"4,250",,318,23,191,7,"78,967","3,187","24,780,040 ",Africa,"5,228144,070314",
,157,Curaçao,"4,731",,22 ,,"4,645",,64,1,"28,753",134,"51,051","310,265","164,540 ",North America,"357,4793",
,158,Gambia,"4,712",,150 ,,"4,089",,473,8,"1,914",61,"42,976","17,461","2,461,302 ",Africa,"52216,40957",
,159,Gibraltar,"4,239",,93 ,,"4,125",,21,3,"125,846","2,761","187,038","5,552,725","33,684 ",Europe,83620,
,160,Channel Islands,"4,038",,86 ,,"3,928",,24,1,"23,084",492,"372,876","2,131,609","174,927 ",Europe,"432,0340",
,161,Chad,"3,986",,140 ,,"3,480",,366,,238,8,,,"16,735,622 ",Africa,"4,199119,540",
,162,Sierra Leone,"3,887",,79 ,,"2,621",,"1,187",,481,10,"116,448","14,405","8,084,088 ",Africa,"2,080102,33069",
,163,San Marino,"3,746",,74 ,,"3,276",,396,8,"110,245","2,178","42,441","1,249,036","33,979 ",Europe,94591,
,164,Comoros,"3,578",,144 ,,"3,331",,103,,"4,057",163,,,"881,825 ",Africa,"2466,124",
,165,Saint Lucia,"3,390",,36 ,,"3,013",,341,2,"18,405",195,"31,081","168,748","184,186 ",North America,"545,1166",
,166,Guinea-Bissau,"3,262",,48 ,,"2,613",,601,7,"1,632",24,"52,274","26,155","1,998,656 ",Africa,"61341,63938",
,167,Barbados,"3,115",,36 ,,"2,443",,636,,"10,831",125,"126,114","438,490","287,610 ",North America,"927,9892",
,168,Mongolia,"3,000",+48,2 ,,"2,330",+31,668,10,905,0.6,"1,818,561","548,879","3,313,227 ",Asia,"1,1041,656,6142",
,169,Eritrea,"2,866",,7 ,,"2,261",,598,,801,2,"23,693","6,620","3,578,942 ",Africa,"1,249511,277151",
,170,Seychelles,"2,688",,11 ,,"2,365",,312,,"27,220",111,"5,200","52,657","98,752 ",Africa,"378,97719",
,171,Liechtenstein,"2,575",,54 ,,"2,484",,37,4,"67,407","1,414","28,293","740,635","38,201 ",Europe,157071,
,172,Vietnam,"2,472",+24,35 ,,"1,892",+16,545,,25,0.4,"1,997,072","20,395","97,920,300 ",Asia,"39,6122,797,72349",
,173,New Zealand,"2,382",+4,26 ,,"2,287",+2,69,,476,5,"1,720,909","344,037","5,002,100 ",Australia/Oceania,"2,100192,3883",
,174,Yemen,"2,310",,634 ,,"1,435",,241,23,76,21,"17,404",575,"30,259,278 ",Asia,"13,09947,7281,739",
,175,Burundi,"2,217",,3 ,,773,,"1,441",,183,0.2,"90,019","7,425","12,123,378 ",Africa,"5,4684,041,126135",
,176,Turks and Caicos,"2,114",,14 ,,"1,873",,227,8,"54,116",358,"16,831","430,857","39,064 ",North America,"182,7902",
,177,Sint Maarten,"2,060",,27 ,,"2,004",,29,2,"47,686",625,"19,228","445,103","43,199 ",North America,"211,6002",
,178,Liberia,"2,014",,85 ,,"1,884",,45,2,392,17,"73,921","14,393","5,136,031 ",Africa,"2,55060,42469",
,179,Monaco,"1,965",,24 ,,"1,720",,221,5,"49,839",609,"51,953","1,317,701","39,427 ",Europe,"201,6431",
,180,Sao Tome and Principe,"1,828",,30 ,,"1,413",,385,,"8,240",135,"11,592","52,252","221,849 ",Africa,"1217,39519",
,181,St. Vincent Grenadines,"1,628",,8 ,,938,,682,2,"14,644",72,"36,649","329,651","111,175 ",North America,"6813,8973",
,182,Saint Martin,"1,544",,12 ,,"1,399",,133,7,"39,486",307,"21,398","547,235","39,102 ",North America,"253,2592",
,183,Papua New Guinea,"1,365",,14 ,,846,,505,,151,2,"47,490","5,242","9,059,009 ",Australia/Oceania,"6,637647,072191",
,184,Taiwan,955,,9 ,,919,,27,,40,0.4,"174,659","7,325","23,845,506 ",Asia,"24,9692,649,501137",
,185,Bhutan,867,,1 ,,865,,1,,"1,115",1,"529,684","681,488","777,246 ",Asia,"896777,2461",
,186,Cambodia,844,+24, ,,478,+1,366,,50,,"493,417","29,244","16,872,270 ",Asia,"19,99134",
,187,Antigua and Barbuda,769,,14 ,,307,,448,40,"7,810",142,"13,976","141,934","98,468 ",North America,"1287,0337",
,188,Diamond Princess,712,,13 ,,699,,0,,,,,, ,,,
,189,Bermuda,707,,12 ,,682,,13,3,"11,380",193,"174,638","2,811,120","62,124 ",North America,"885,1770",
,190,Faeroe Islands,658,,1 ,,657,,0,,"13,432",20,"231,545","4,726,662","48,987 ",Europe,"7448,9870",
,191,Mauritius,619,,10 ,,588,,21,,486,8,"289,552","227,425","1,273,175 ",Africa,"2,057127,3184",
,192,St. Barth,573,,1 ,,462,,110,,"57,896",101,"17,956","1,814,287","9,897 ",North America,"179,8971",
,193,Tanzania,509,,21 ,,183,,305,7,8,0.3,,,"60,852,513 ",Africa,"119,5532,897,739",
,194,Isle of Man,486,,25 ,,411,,50,,"5,695",293,"33,108","387,990","85,332 ",Europe,"1763,4133",
,195,Cayman Islands,447,,2 ,,415,,30,,"6,749",30,"74,186","1,120,059","66,234 ",North America,"14833,1171",
,196,Caribbean Netherlands,429,,4 ,,402,,23,,"16,259",152,"6,520","247,110","26,385 ",North America,"626,5964",
,197,Brunei ,186,,3 ,,181,,2,,422,7,"100,667","228,653","440,261 ",Asia,"2,367146,7544",
,198,British Virgin Islands,153,,1 ,,131,,21,,"5,039",33,"13,223","435,468","30,365 ",North America,"19830,3652",
,199,Grenada,148,,1 ,,147,,0,,"1,311",9,"20,288","179,747","112,870 ",North America,"763112,8706",
,200,Dominica,144,, ,,130,,14,,"1,997",,"11,768","163,206","72,105 ",North America,5016,
,201,Timor-Leste,113,, ,,90,,23,,85,,"21,323","15,972","1,335,037 ",Asia,"11,81463",
,202,Fiji,59,,2 ,,54,,3,,66,2,"30,118","33,436","900,763 ",Australia/Oceania,"15,267450,38230",
,203,New Caledonia,58,, ,,55,,3,,202,,"22,627","78,752","287,320 ",Australia/Oceania,"4,95413",
,204,Falkland Islands,54,, ,,46,,8,,"15,224",,"7,009","1,976,036","3,547 ",South America,661,
,205,Macao,48,, ,,47,,1,,73,,"4,369","6,668","655,200 ",Asia,"13,650150",
,206,Laos,45,, ,,42,,3,,6,,"112,150","15,268","7,345,485 ",Asia,"163,23365",
,207,Saint Kitts and Nevis,41,, ,,40,,1,,767,,"8,790","164,456","53,449 ",North America,"1,3046",
,208,Greenland,30,, ,,30,,0,,528,,"18,924","332,958","56,836 ",North America,"1,8953",
,209,Vatican City,27,, ,,15,,12,,"33,666",,,,802 ,Europe,30,
,210,Saint Pierre Miquelon,24,, ,,16,,8,,"4,156",,"3,729","645,714","5,775 ",North America,2412,
,211,Montserrat,20,,1 ,,13,,6,,"4,005",200,947,"189,628","4,994 ",North America,"2504,9945",
,212,Anguilla,18,, ,,18,,0,,"1,193",,"9,742","645,508","15,092 ",North America,8382,
,213,Solomon Islands,18,, ,,14,,4,,26,,"4,500","6,447","697,980 ",Australia/Oceania,"38,777155",
,214,Western Sahara,10,,1 ,,8,,1,,16,2,,,"607,013 ",Africa,"60,701607,013",
,215,MS Zaandam,9,,2 ,,7,,0,,,,,, ,,,
,216,Wallis and Futuna,9,, ,,7,,2,,810,,"1,202","108,220","11,107 ",Australia/Oceania,"1,2349",
,217,Marshall Islands,4,, ,,4,,0,,67,,,,"59,456 ",Australia/Oceania,"14,864",
,218,Samoa,3,, ,,2,,1,,15,,,,"199,291 ",Australia/Oceania,"66,430",
,219,Micronesia,1,, ,,1,,0,,9,,,,"115,823 ",Australia/Oceania,"115,823",
,220,Vanuatu,1,, ,,1,,0,,3,,470,"1,507","311,876 ",Australia/Oceania,"311,876664",
,221,China,"89,923",+11,"4,636 ",,"85,087",+21,200,,62,3,"160,000,000","111,163","1,439,323,776 ",Asia,"16,006310,4679",
,,Total:,"33,633,677","+3,024","761,890",+469,"23,389,486","+6,239","9,482,301","21,083",,,,,,North America, ,,,
,,Total:,"25,092,940","+19,244","399,365",+347,"23,594,231","+20,364","1,099,344","21,895",,,,,,Asia, ,,,
,,Total:,"18,048,525",+757,"468,234",+17,"16,325,612",+620,"1,254,679","18,969",,,,,,South America, ,,,
,,Total:,"34,298,085","+46,775","817,196","+1,248","23,945,780","+41,622","9,535,109","25,841",,,,,,Europe, ,,,
,,Total:,"3,935,446","+1,238","104,205",+21,"3,494,990","+2,796","336,251","2,526",,,,,,Africa, ,,,
,,Total:,"51,300",+15,"1,090",,"34,293",,"15,917",2,,,,,,Australia/Oceania, ,,,
,,Total:,721,,15,,706,,0,0,,,,,,, ,,,
,,Total:,"115,060,694","+71,053","2,551,995","+2,102","90,785,098","+71,648","21,723,601","90,316","14,761.2",327.4,,,,All,,,,,
,#,"Country,Other",TotalCases,NewCases,TotalDeaths,NewDeaths,TotalRecovered,NewRecovered,ActiveCases,"Serious,Critical",Tot Cases/1M pop,Deaths/1M pop,TotalTests,Tests/,1M pop,,Population,Continent,1 Caseevery X ppl1 Deathevery X ppl1 Testevery X ppl,
,,,Asia,,"25,073,696","+69,055","399,018",+698,"23,573,867","+58,325","1,100,811","21,924",,,,,,Asia,,,,,
,,,North America,,"33,630,653","+62,615","761,421","+1,981","23,383,247","+135,579","9,485,985","21,083",,,,,,North America,,,,,
,,,South America,,"18,047,768","+56,543","468,217","+1,378","16,324,992","+66,453","1,254,559","18,969",,,,,,South America,,,,,
,,,Europe,,"34,251,310","+92,536","815,948","+2,315","23,904,158","+186,168","9,531,204","25,672",,,,,,Europe,,,,,
,,,Africa,,"3,934,208","+9,610","104,184",+315,"3,492,194","+9,110","337,830","2,533",,,,,,Africa,,,,,
,,,Oceania,,"51,285",+124,"1,090",+2,"34,286",+7,"15,909",2,,,,,,Australia/Oceania,,,,,
,,,,,721,,15,,706,,0,0,,,,,,,,,,,
,,World,"114,989,641","+290,483","2,549,893","+6,689","90,713,450","+455,642","21,726,298","90,183","14,752",327.1,,,,All,,,,,
,1,China,"89,912",+19,"4,636 ",,"85,066",+27,210,1,62,3,"160,000,000","111,163","1,439,323,776 ",Asia,"16,008310,4679",
,2,USA,"29,314,254","+53,147","527,226 ","+1,439","19,817,532","+122,639","8,969,496","14,545","88,218","1,587","360,725,221","1,085,561","332,293,850 ",North America,116301,
,3,India,"11,123,619","+11,563","157,275 ",+80,"10,796,558","+11,990","169,786","8,944","8,008",113,"216,858,774","156,124","1,389,012,340 ",Asia,"1258,8326",
,4,Brazil,"10,589,608","+38,349","255,836 ",+818,"9,457,100","+46,067","876,672","8,318","49,585","1,198","28,600,000","133,918","213,563,946 ",South America,208357,
,5,Russia,"4,257,650","+11,571","86,455 ",+333,"3,823,074","+11,277","348,121","2,300","29,167",592,"111,300,000","762,453","145,976,195 ",Europe,"341,6881",
,6,UK,"4,182,009","+5,455","122,953 ",+104,"2,959,884","+54,567","1,099,172","1,971","61,389","1,805","90,739,196","1,331,985","68,123,305 ",Europe,165541,
,7,France,"3,760,671","+4,703","86,803 ",+375,"258,384","+3,516","3,415,484","3,544","57,529","1,328","53,281,689","815,082","65,369,759 ",Europe,177531,
,8,Spain,"3,204,531","+6,308","69,609 ",+155,"2,722,304","+74,858","412,618","2,923","68,521","1,488","39,313,189","840,621","46,766,856 ",Europe,156721,
,9,Italy,"2,938,371","+13,114","97,945 ",+246,"2,416,093","+10,894","424,333","2,289","48,647","1,622","40,303,520","667,249","60,402,483 ",Europe,216171,
,10,Turkey,"2,711,479","+9,891","28,638 ",+69,"2,578,181","+5,947","104,660","1,215","31,922",337,"33,305,552","392,101","84,941,319 ",Asia,"312,9663",
,11,Germany,"2,455,569","+5,207","70,924 ",+237,"2,255,500","+7,100","129,145","2,848","29,246",845,"43,950,029","523,449","83,962,383 ",Europe,"341,1842",
,12,Colombia,"2,255,260","+3,570","59,866 ",+100,"2,151,633","+3,384","43,761","2,240","44,011","1,168","11,491,151","224,249","51,242,817 ",South America,238564,
,13,Argentina,"2,112,023","+4,658","52,077 ",+112,"1,911,338","+6,317","148,608","3,505","46,447","1,145","7,466,942","164,213","45,471,214 ",South America,228736,
,14,Mexico,"2,086,938","+2,810","185,715 ",+458,"1,633,900","+3,898","267,323","4,798","16,074","1,430","5,453,322","42,003","129,831,819 ",North America,6269924,
,15,Poland,"1,711,771","+4,785","43,792 ",+23,"1,430,861","+8,032","237,118","1,509","45,262","1,158","9,895,192","261,646","37,818,948 ",Europe,228644,
,16,Iran,"1,639,679","+8,510","60,181 ",+108,"1,399,934","+6,809","179,564","3,727","19,357",710,"10,912,409","128,827","84,705,636 ",Asia,"521,4088",
,17,South Africa,"1,513,959",+566,"50,077 ",+84,"1,431,336","+1,077","32,546",546,"25,315",837,"9,077,479","151,786","59,804,451 ",Africa,"401,1947",
,18,Ukraine,"1,352,134","+4,285","26,050 ",+68,"1,171,724","+1,701","154,360",177,"31,042",598,"6,921,573","158,905","43,558,040 ",Europe,"321,6726",
,19,Indonesia,"1,341,314","+6,680","36,325 ",+159,"1,151,915","+9,212","153,074",,"4,870",132,"10,834,875","39,336","275,443,201 ",Asia,"2057,58325",
,20,Peru,"1,332,939","+3,134","46,685 ",+191,"1,236,668","+4,140","49,586","2,153","40,057","1,403","7,604,514","228,527","33,276,156 ",South America,257134,
,21,Czechia,"1,240,092","+4,575","20,605 ",+145,"1,082,142",+408,"137,345","1,507","115,656","1,922","8,067,140","752,376","10,722,222 ",Europe,95201,
,22,Netherlands,"1,092,452","+3,762","15,584 ",+21,N/A,N/A,N/A,536,"63,662",908,"6,970,400","406,197","17,160,136 ",Europe,"161,1012",
,23,Canada,"870,033","+3,530","22,017 ",+23,"817,586","+3,808","30,430",567,"22,919",580,"24,545,470","646,580","37,961,976 ",North America,"441,7242",
,24,Chile,"829,770","+4,145","20,660 ",+88,"784,213","+3,683","24,897","1,675","43,161","1,075","9,423,598","490,169","19,225,214 ",South America,239312,
,25,Portugal,"804,956",+394,"16,351 ",+34,"720,235","+1,258","68,370",469,"79,097","1,607","8,233,879","809,079","10,176,851 ",Europe,136221,
,26,Romania,"804,090","+2,096","20,403 ",+53,"741,471","+1,119","42,216","1,022","41,985","1,065","6,059,263","316,380","19,151,839 ",Europe,249393,
,27,Israel,"779,958","+4,151","5,760 ",+8,"735,850","+2,440","38,348",737,"84,800",626,"12,018,084","1,306,656","9,197,590 ",Asia,"121,5971",
,28,Belgium,"771,511","+2,097","22,077 ",+25,"52,524",+165,"696,910",397,"66,377","1,899","9,469,086","814,671","11,623,201 ",Europe,155261,
,29,Iraq,"699,088","+3,599","13,428 ",+22,"639,639","+3,708","46,021",410,"17,127",329,"6,881,821","168,599","40,817,743 ",Asia,"583,0406",
,30,Sweden,"657,309",,"12,826 ",,N/A,N/A,N/A,234,"64,816","1,265","6,139,911","605,445","10,141,149 ",Europe,157912,
,31,Pakistan,"581,365","+1,392","12,896 ",+36,"546,371","+1,094","22,098","1,568","2,599",58,"8,990,176","40,184","223,725,678 ",Asia,"38517,34825",
,32,Philippines,"578,375","+2,031","12,322 ",+4,"534,319",+54,"31,734",785,"5,232",111,"8,785,105","79,469","110,547,691 ",Asia,"1918,97213",
,33,Switzerland,"557,492","+2,560","9,988 ",+22,"511,437",,"36,067",181,"64,104","1,148","5,088,223","585,075","8,696,696 ",Europe,168712,
,34,Bangladesh,"546,801",+585,"8,416 ",+8,"497,797",+873,"40,588",,"3,298",51,"4,057,597","24,476","165,778,659 ",Asia,"30319,69841",
,35,Morocco,"483,766",+112,"8,637 ",+14,"469,345",+299,"5,784",253,"13,004",232,"5,660,854","152,171","37,200,727 ",Africa,"774,3077",
,36,Serbia,"462,728","+3,469","4,459 ",+16,"400,347",,"57,922",164,"53,103",512,"2,953,793","338,977","8,713,853 ",Europe,"191,9543",
,37,Austria,"460,849","+1,353","8,574 ",+13,"432,016","+1,601","20,259",290,"50,976",948,"5,395,666","596,827","9,040,586 ",Europe,"201,0542",
,38,Hungary,"432,925","+4,326","15,058 ",+84,"322,956","+1,828","94,911",537,"44,891","1,561","3,680,572","381,645","9,643,970 ",Europe,226403,
,39,Japan,"432,773","+1,033","7,887 ",+27,"410,604","+1,285","14,282",436,"3,429",62,"8,256,502","65,415","126,217,845 ",Asia,"29216,00315",
,40,Jordan,"397,158","+6,068","4,727 ",+26,"351,256","+2,657","41,175",314,"38,670",460,"4,641,226","451,904","10,270,381 ",Asia,"262,1732",
,41,UAE,"394,050","+2,526","1,238 ",+17,"382,332","+1,107","10,480",,"39,525",124,"30,840,884","3,093,477","9,969,649 ",Asia,"258,0530",
,42,Saudi Arabia,"377,700",+317,"6,500 ",+6,"368,640",+335,"2,560",492,"10,738",185,"13,680,202","388,943","35,172,767 ",Asia,"935,4113",
,43,Lebanon,"376,938","+1,888","4,743 ",+51,"294,270","+2,680","77,925",898,"55,391",697,"3,033,254","445,738","6,805,016 ",Asia,"181,4352",
,44,Panama,"341,420",+505,"5,858 ",+13,"327,317","+1,104","8,245",195,"78,312","1,344","1,913,569","438,920","4,359,725 ",North America,137442,
,45,Slovakia,"308,925",+842,"7,270 ",+81,"255,300",,"46,355",678,"56,565","1,331","2,050,136","375,386","5,461,406 ",Europe,187513,
,46,Malaysia,"302,580","+1,828","1,135 ",+5,"275,903","+2,486","25,542",198,"9,270",35,"6,274,787","192,237","32,640,901 ",Asia,"10828,7595",
,47,Belarus,"288,267",+961,"1,985 ",+9,"278,661",+667,"7,621",,"30,513",210,"4,908,397","519,558","9,447,249 ",Europe,"334,7592",
,48,Ecuador,"286,367",+212,"15,832 ",+21,"247,898",,"22,637",524,"16,070",888,"1,011,259","56,747","17,820,433 ",South America,"621,12618",
,49,Nepal,"274,216",+73,"2,777 ",+3,"270,471",+64,968,,"9,301",94,"2,165,985","73,465","29,483,260 ",Asia,"10810,61714",
,50,Georgia,"270,918",+160,"3,520 ",+10,"265,523",+409,"1,875",,"68,001",884,"2,730,044","685,243","3,984,055 ",Asia,"151,1321",
,51,Bulgaria,"249,626","+2,588","10,308 ",+117,"206,630","+1,085","32,688",414,"36,107","1,491","1,681,417","243,210","6,913,440 ",Europe,286714,
,52,Bolivia,"249,010",+463,"11,649 ",+21,"193,032",+479,"44,329",71,"21,141",989,"720,678","61,186","11,778,531 ",South America,"471,01116",
,53,Croatia,"243,064",+91,"5,537 ",+11,"234,635",+401,"2,892",64,"59,453","1,354","1,346,946","329,461","4,088,334 ",Europe,177383,
,54,Dominican Republic,"239,998",+381,"3,106 ",+6,"192,078",+740,"44,814",203,"21,978",284,"1,210,716","110,870","10,920,127 ",North America,"463,5169",
,55,Azerbaijan,"234,662",+125,"3,223 ",+3,"228,839",+71,"2,600",,"23,006",316,"2,602,884","255,188","10,199,878 ",Asia,"433,1654",
,56,Tunisia,"233,669",+392,"8,022 ",+21,"198,778",+772,"26,869",272,"19,635",674,"982,163","82,530","11,900,699 ",Africa,"511,48412",
,57,Ireland,"220,273",+681,"4,319 ",,"23,364",,"192,590",117,"44,281",868,"3,523,320","708,293","4,974,381 ",Europe,"231,1521",
,58,Kazakhstan,"213,431",+622,"2,540 ",,"196,889",+346,"14,002",221,"11,277",134,"7,419,449","392,031","18,925,661 ",Asia,"897,4513",
,59,Denmark,"211,692",+497,"2,365 ",+4,"202,517",+336,"6,810",44,"36,462",407,"17,154,704","2,954,760","5,805,786 ",Europe,"272,4550",
,60,Costa Rica,"205,086",+180,"2,812 ",+6,"181,851","+1,859","20,423",147,"40,017",549,"690,013","134,636","5,125,013 ",North America,"251,8237",
,61,Lithuania,"199,399",+244,"3,256 ",+10,"184,848",+63,"11,295",153,"73,939","1,207","2,115,119","784,306","2,696,802 ",Europe,148281,
,62,Greece,"192,270","+1,170","6,534 ",+30,"165,718",,"20,018",406,"18,507",629,"5,253,798","505,707","10,389,020 ",Europe,"541,5902",
,63,Kuwait,"192,031","+1,179","1,085 ",+2,"180,155",+946,"10,791",157,"44,530",252,"1,792,041","415,556","4,312,396 ",Asia,"223,9752",
,64,Slovenia,"190,327",+246,"3,854 ",+11,"175,210",,"11,263",91,"91,542","1,854","913,812","439,517","2,079,129 ",Europe,115392,
,65,Moldova,"186,447",+994,"3,975 ",+26,"166,833",+655,"15,639",307,"46,291",987,"719,950","178,750","4,027,703 ",Europe,"221,0136",
,66,Palestine,"185,336","+1,724","2,058 ",+16,"167,744",+808,"15,534",116,"35,782",397,"1,183,235","228,442","5,179,587 ",Asia,"282,5174",
,67,Egypt,"183,010",+586,"10,736 ",+48,"141,347",+455,"30,927",90,"1,766",104,"1,000,000","9,652","103,609,799 ",Africa,"5669,651104",
,68,Guatemala,"174,653",+111,"6,402 ",+9,"161,816",+305,"6,435",5,"9,631",353,"918,648","50,657","18,134,600 ",North America,"1042,83320",
,69,Armenia,"172,216",+158,"3,195 ",+3,"163,511",+117,"5,510",,"58,045","1,077","733,639","247,272","2,966,934 ",Asia,179294,
,70,Honduras,"170,304",+550,"4,151 ",+10,"66,513",+66,"99,640",406,"17,015",415,"447,919","44,752","10,008,866 ",North America,"592,41122",
,71,Qatar,"164,137",+473,259 ,+1,"154,061",+440,"9,817",99,"58,457",92,"1,544,331","550,014","2,807,805 ",Asia,"1710,8412",
,72,Paraguay,"160,448",+974,"3,198 ",+17,"134,392",+957,"22,858",262,"22,313",445,"755,317","105,042","7,190,634 ",South America,"452,24810",
,73,Ethiopia,"159,972",+900,"2,373 ",+8,"135,177",+319,"22,422",375,"1,369",20,"2,140,427","18,319","116,839,161 ",Africa,"73049,23755",
,74,Nigeria,"156,017",+360,"1,915 ",+8,"133,904",+136,"20,198",10,745,9,"1,544,008","7,370","209,504,660 ",Africa,"1,343109,402136",
,75,Myanmar,"141,916",+20,"3,199 ",,"131,487",+7,"7,230",,"2,597",59,"2,491,825","45,594","54,652,346 ",Asia,"38517,08422",
,76,Oman,"141,808",+312,"1,577 ",+7,"132,685",+226,"7,546",66,"27,312",304,"1,550,000","298,528","5,192,135 ",Asia,"373,2923",
,77,Venezuela,"139,545",+429,"1,348 ",+4,"131,647",+813,"6,550",131,"4,917",47,"2,898,004","102,107","28,382,129 ",South America,"20321,05510",
,78,Libya,"134,127",+789,"2,210 ",+31,"121,116",+876,"10,801",,"19,346",319,"729,631","105,237","6,933,208 ",Africa,"523,13710",
,79,Bosnia and Herzegovina,"130,979",,"5,071 ",,"115,847",,"10,061",,"40,089","1,552","661,206","202,379","3,267,170 ",Europe,256445,
,80,Bahrain,"123,039",+645,452 ,+3,"115,895",+806,"6,692",62,"70,699",260,"3,107,719","1,785,726","1,740,311 ",Asia,"143,8501",
,81,Algeria,"113,255",+163,"2,987 ",+4,"78,234",+136,"32,034",21,"2,552",67,,,"44,374,506 ",Africa,"39214,856",
,82,Albania,"107,931",+764,"1,816 ",+20,"70,413",+640,"35,702",46,"37,532",631,"465,100","161,735","2,875,700 ",Europe,"271,5846",
,83,Kenya,"106,125",+152,"1,859 ",+3,"86,717",+39,"17,549",57,"1,945",34,"1,301,051","23,849","54,552,594 ",Africa,"51429,34542",
,84,North Macedonia,"103,020",+233,"3,144 ",+7,"91,507",+274,"8,369",124,"49,450","1,509","523,726","251,390","2,083,317 ",Europe,206634,
,85,S. Korea,"90,028",+352,"1,605 ",+2,"81,070",+373,"7,353",131,"1,755",31,"6,665,755","129,940","51,298,605 ",Asia,"57031,9628",
,86,Latvia,"86,458",+272,"1,621 ",+3,"75,255",,"9,582",74,"46,179",866,"1,503,899","803,270","1,872,222 ",Europe,"221,1551",
,87,Kyrgyzstan,"86,251",+22,"1,466 ",+2,"83,210",+31,"1,575",16,"13,077",222,"746,069","113,119","6,595,412 ",Asia,"764,4999",
,88,Ghana,"84,023",,607 ,,"77,972",,"5,444",132,"2,667",19,"902,813","28,660","31,501,063 ",Africa,"37551,89635",
,89,Sri Lanka,"83,552",+310,476 ,+12,"79,422",+475,"3,654",,"3,891",22,"2,030,702","94,570","21,473,023 ",Asia,"25745,11111",
,90,Uzbekistan,"79,926",+40,622 ,,"78,496",+54,808,27,"2,365",18,"1,377,915","40,778","33,790,474 ",Asia,"42354,32625",
,91,Zambia,"79,002",+468,"1,098 ",+7,"75,087",+589,"2,817",246,"4,220",59,"1,092,974","58,378","18,722,445 ",Africa,"23717,05117",
,92,Montenegro,"76,283",+449,"1,015 ",+12,"66,710",+484,"8,558",68,"121,447","1,616","281,114","447,549","628,119 ",Europe,86192,
,93,Norway,"71,735",+729,623 ,+1,"66,014","+2,231","5,098",22,"13,164",114,"3,870,115","710,189","5,449,414 ",Europe,"768,7471",
,94,Estonia,"66,626","+1,026",598 ,+9,"50,103",+195,"15,925",44,"50,203",451,"939,581","707,980","1,327,130 ",Europe,"202,2191",
,95,Singapore,"59,948",+12,29 ,,"59,830",+7,89,1,"10,194",5,"7,290,760","1,239,731","5,880,920 ",Asia,"98202,7901",
,96,El Salvador,"59,866",,"1,860 ",+6,"55,312",,"2,694",43,"9,199",286,"761,858","117,065","6,507,985 ",North America,"1093,4999",
,97,Mozambique,"59,607",+257,653 ,+12,"41,413",+317,"17,541",,"1,873",21,"423,338","13,299","31,831,135 ",Africa,"53448,74675",
,98,Uruguay,"58,589",+595,611 ,+3,"50,624",+585,"7,354",76,"16,827",175,"1,023,312","293,908","3,481,748 ",South America,"595,6983",
,99,Finland,"58,064",+392,750 ,+8,"46,000",,"11,314",39,"10,469",135,"3,318,843","598,372","5,546,457 ",Europe,"967,3952",
,100,Afghanistan,"55,759",+26,"2,446 ",+2,"49,344",+11,"3,969","1,067","1,411",62,"299,513","7,581","39,506,499 ",Asia,"70916,151132",
,101,Luxembourg,"55,480",+45,639 ,+1,"52,019",+532,"2,822",20,"87,685","1,010","2,123,853","3,356,719","632,717 ",Europe,119900,
,102,Cuba,"50,590",+811,324 ,+2,"46,106",+864,"4,160",62,"4,468",29,"2,411,287","212,974","11,322,003 ",North America,"22434,9445",
,103,Uganda,"40,367",+10,334 ,,"14,989",+323,"25,044",,865,7,"881,407","18,878","46,688,793 ",Africa,"1,157139,78753",
,104,Namibia,"39,033",+188,428 ,+4,"36,335",+74,"2,270",22,"15,180",166,"304,421","118,391","2,571,324 ",Africa,"666,0088",
,105,Zimbabwe,"36,115",+26,"1,468 ",+5,"32,905",+239,"1,742",41,"2,407",98,"339,528","22,626","15,006,223 ",Africa,"41610,22244",
,106,Cameroon,"35,714",,551 ,,"32,594",,"2,569",53,"1,324",20,"149,000","5,522","26,981,052 ",Africa,"75548,967181",
,107,Cyprus,"35,009",+302,231 ,,"2,057",,"32,721",24,"28,857",190,"2,012,005","1,658,425","1,213,202 ",Asia,"355,2521",
,108,Senegal,"34,732",+212,880 ,+8,"29,161",+267,"4,691",53,"2,039",52,"390,698","22,936","17,034,286 ",Africa,"49019,35744",
,109,Ivory Coast,"32,791",+37,193 ,+1,"31,712",+88,886,,"1,223",7,"424,625","15,839","26,808,498 ",Africa,"818138,90463",
,110,Malawi,"32,008",+63,"1,048 ",+4,"19,513",+639,"11,447",4,"1,645",54,"198,742","10,215","19,455,337 ",Africa,"60818,56498",
,111,Botswana,"30,727","+2,356",332 ,+22,"24,884","+1,640","5,511",1,"12,894",139,"815,362","342,161","2,382,980 ",Africa,"787,1783",
,112,Australia,"28,975",+5,909 ,,"26,175",+7,"1,891",,"1,128",35,"14,370,837","559,260","25,696,142 ",Australia/Oceania,"88728,2692",
,113,Sudan,"28,406",+55,"1,890 ",+10,"22,975",+68,"3,541",,638,42,,,"44,524,111 ",Africa,"1,56723,558",
,114,Thailand,"26,031",+80,83 ,,"25,324",+196,624,1,372,1,"1,217,873","17,419","69,916,675 ",Asia,"2,686842,37057",
,115,DRC,"25,962",+49,707 ,,"18,951",,"6,304",,284,8,,,"91,349,093 ",Africa,"3,519129,207",
,116,Jamaica,"23,599",+336,425 ,+3,"13,502",+92,"9,672",22,"7,946",143,"213,859","72,012","2,969,771 ",North America,"1266,98814",
,117,Malta,"22,657",+175,316 ,+1,"19,663",+216,"2,678",18,"51,222",714,"702,110","1,587,313","442,326 ",Europe,"201,4001",
,118,Angola,"20,854",+47,508 ,,"19,400",+78,946,12,622,15,"189,473","5,650","33,537,239 ",Africa,"1,60866,018177",
,119,Maldives,"19,979",+186,62 ,,"17,343",+94,"2,574",162,"36,535",113,"527,850","965,275","546,839 ",Asia,"278,8201",
,120,Madagascar,"19,831",,297 ,,"19,296",,238,23,704,11,"119,608","4,247","28,159,641 ",Africa,"1,42094,814235",
,121,Rwanda,"18,986",+136,264 ,+3,"17,322",+9,"1,400",11,"1,442",20,"1,012,451","76,912","13,163,684 ",Africa,"69349,86213",
,122,French Polynesia,"18,414",+27,139 ,,"4,842",,"13,433",2,"65,301",493,"26,355","93,461","281,988 ",Australia/Oceania,"152,02911",
,123,Mayotte,"17,600",+739,110 ,+1,"2,964",,"14,526",23,"63,503",397,"123,040","443,944","277,152 ",Africa,"162,5202",
,124,Mauritania,"17,217",+10,441 ,,"16,583",+20,193,14,"3,640",93,"174,247","36,838","4,730,086 ",Africa,"27510,72627",
,125,Eswatini,"17,025",+11,652 ,,"14,800",+124,"1,573",36,"14,574",558,"151,618","129,795","1,168,137 ",Africa,"691,7928",
,126,French Guiana,"16,627",,85 ,,"9,995",,"6,547",6,"54,734",280,"149,894","493,433","303,778 ",South America,"183,5742",
,127,Guinea,"16,005",+13,89 ,,"14,917",+20,999,24,"1,197",7,"138,867","10,389","13,367,107 ",Africa,"835150,19296",
,128,Syria,"15,642",+54,"1,032 ",+5,"9,880",+79,"4,730",,880,58,,,"17,780,740 ",Asia,"1,13717,229",
,129,Cabo Verde,"15,432",+32,147 ,,"14,875",+61,410,23,"27,557",263,"122,118","218,070","559,994 ",Africa,"363,8095",
,130,Gabon,"14,849",+285,87 ,+4,"13,288",+145,"1,474",17,"6,569",38,"531,800","235,274","2,260,347 ",Africa,"15225,9814",
,131,Tajikistan,"13,308",,90 ,,"13,218",,0,,"1,375",9,,,"9,678,921 ",Asia,"727107,544",
,132,Haiti,"12,493",+45,250 ,+1,"9,763",+51,"2,480",,"1,087",22,"54,379","4,731","11,494,705 ",North America,"92045,979211",
,133,Réunion,"12,416",,52 ,,"11,270",,"1,094",55,"13,802",58,"98,785","109,815","899,560 ",Africa,"7217,2999",
,134,Belize,"12,313",+20,315 ,,"11,860",+24,138,2,"30,599",783,"85,510","212,500","402,400 ",North America,"331,2775",
,135,Burkina Faso,"12,030",+48,143 ,+1,"11,588",+95,299,,565,7,,,"21,280,234 ",Africa,"1,769148,813",
,136,Hong Kong,"11,020",+14,200 ,+1,"10,547",+11,273,16,"1,462",27,"8,601,877","1,141,226","7,537,398 ",Asia,"68437,6871",
,137,Andorra,"10,889",+23,110 ,,"10,475",+29,304,17,"140,781","1,422","193,595","2,502,941","77,347 ",Europe,77030,
,138,Lesotho,"10,495",+4,295 ,+3,"3,768",+23,"6,432",,"4,873",137,"61,205","28,421","2,153,535 ",Africa,"2057,30035",
,139,Guadeloupe,"9,746",,159 ,,"2,242",,"7,345",6,"24,355",397,"131,178","327,806","400,170 ",North America,"412,5173",
,140,Suriname,"8,933",+4,173 ,+1,"8,413",+7,347,3,"15,138",293,"40,968","69,423","590,123 ",South America,"663,41114",
,141,Congo,"8,820",,128 ,,"7,019",,"1,673",,"1,573",23,"92,500","16,496","5,607,552 ",Africa,"63643,80961",
,142,Guyana,"8,595",+10,197 ,+2,"7,993",+21,405,5,"10,892",250,"65,719","83,286","789,078 ",South America,"924,00512",
,143,Bahamas,"8,519",,179 ,,"7,309",,"1,031",2,"21,527",452,"67,841","171,429","395,739 ",North America,"462,2116",
,144,Mali,"8,390",+14,355 ,+2,"6,408",+6,"1,627",,407,17,"153,345","7,432","20,634,137 ",Africa,"2,45958,124135",
,145,South Sudan,"8,010",+84,94 ,,"4,217",,"3,699",11,710,8,"110,226","9,771","11,280,773 ",Africa,"1,408120,008102",
,146,Aruba,"7,908",+17,74 ,+1,"7,655",+60,179,11,"73,860",691,"105,839","988,521","107,068 ",North America,"141,4471",
,147,Trinidad and Tobago,"7,716",+3,139 ,,"7,474",+8,103,2,"5,502",99,"97,750","69,697","1,402,506 ",North America,"18210,09014",
,148,Somalia,"7,392",+135,243 ,+4,"3,814",+6,"3,335",,457,15,,,"16,184,755 ",Africa,"2,18966,604",
,149,Togo,"6,933",+32,85 ,+1,"5,663",+3,"1,185",,825,10,"237,033","28,196","8,406,614 ",Africa,"1,21398,90135",
,150,Martinique,"6,687",,45 ,,98,,"6,544",2,"17,829",120,"100,913","269,050","375,071 ",North America,"568,3354",
,151,Nicaragua,"6,445",,173 ,,"4,225",,"2,047",,965,26,,,"6,676,827 ",North America,"1,03638,594",
,152,Equatorial Guinea,"6,095",+90,92 ,+1,"5,632",+10,371,24,"4,253",64,"98,603","68,799","1,433,205 ",Africa,"23515,57815",
,153,Djibouti,"6,087",+21,63 ,,"5,898",+1,126,,"6,102",63,"115,933","116,222","997,516 ",Africa,"16415,8349",
,154,Iceland,"6,054",+5,29 ,,"6,012",+6,13,7,"17,665",85,"501,927","1,464,557","342,716 ",Europe,"5711,8181",
,155,Benin,"5,434",,70 ,,"4,248",,"1,116",35,441,6,"476,511","38,640","12,332,176 ",Africa,"2,269176,17426",
,156,CAR,"5,004",,63 ,,"4,920",,21,2,"1,024",13,"37,104","7,595","4,885,300 ",Africa,"97677,544132",
,157,Niger,"4,740",,172 ,,"4,250",,318,23,191,7,"78,967","3,187","24,780,040 ",Africa,"5,228144,070314",
,158,Curaçao,"4,731",+1,22 ,,"4,645",+4,64,1,"28,753",134,"51,051","310,265","164,540 ",North America,"357,4793",
,159,Gambia,"4,712",,150 ,,"4,089",,473,8,"1,914",61,"42,976","17,461","2,461,302 ",Africa,"52216,40957",
,160,Gibraltar,"4,239",,93 ,,"4,125",+1,21,3,"125,846","2,761","187,038","5,552,725","33,684 ",Europe,83620,
,161,Channel Islands,"4,038",,86 ,,"3,928",,24,1,"23,084",492,"372,876","2,131,609","174,927 ",Europe,"432,0340",
,162,Chad,"3,986",+13,140 ,,"3,480",+5,366,,238,8,,,"16,735,622 ",Africa,"4,199119,540",
,163,Sierra Leone,"3,887",,79 ,,"2,621",,"1,187",,481,10,"116,448","14,405","8,084,088 ",Africa,"2,080102,33069",
,164,San Marino,"3,746",+30,74 ,,"3,276",+19,396,8,"110,245","2,178","42,441","1,249,036","33,979 ",Europe,94591,
,165,Comoros,"3,578",+7,144 ,,"3,331",+17,103,,"4,057",163,,,"881,825 ",Africa,"2466,124",
,166,Saint Lucia,"3,390",,36 ,+1,"3,013",,341,2,"18,405",195,"31,081","168,748","184,186 ",North America,"545,1166",
,167,Guinea-Bissau,"3,262",,48 ,,"2,613",,601,7,"1,632",24,"52,274","26,155","1,998,656 ",Africa,"61341,63938",
,168,Barbados,"3,115",+47,36 ,+3,"2,443",+36,636,,"10,831",125,"126,114","438,490","287,610 ",North America,"927,9892",
,169,Mongolia,"2,952",+45,2 ,,"2,299",+50,651,10,891,0.6,"1,805,453","544,923","3,313,227 ",Asia,"1,1221,656,6142",
,170,Eritrea,"2,866",+19,7 ,,"2,261",+8,598,,801,2,"23,693","6,620","3,578,942 ",Africa,"1,249511,277151",
,171,Seychelles,"2,688",+70,11 ,,"2,365",+78,312,,"27,220",111,"5,200","52,657","98,752 ",Africa,"378,97719",
,172,Liechtenstein,"2,575",+8,54 ,,"2,484",,37,4,"67,407","1,414","27,354","716,055","38,201 ",Europe,157071,
,173,Vietnam,"2,448",,35 ,,"1,876",,537,,25,0.4,"1,997,072","20,395","97,920,300 ",Asia,"40,0002,797,72349",
,174,New Zealand,"2,378",+2,26 ,,"2,285",,67,,475,5,"1,712,029","342,262","5,002,100 ",Australia/Oceania,"2,103192,3883",
,175,Yemen,"2,310",+25,634 ,,"1,435",,241,23,76,21,"17,404",575,"30,259,278 ",Asia,"13,09947,7281,739",
,176,Burundi,"2,217",+8,3 ,,773,,"1,441",,183,0.2,"90,019","7,425","12,123,378 ",Africa,"5,4684,041,126135",
,177,Turks and Caicos,"2,114",,14 ,,"1,873",,227,8,"54,116",358,"16,831","430,857","39,064 ",North America,"182,7902",
,178,Sint Maarten,"2,060",+3,27 ,,"2,004",+4,29,2,"47,686",625,"19,228","445,103","43,199 ",North America,"211,6002",
,179,Liberia,"2,014",,85 ,,"1,884",,45,2,392,17,"73,921","14,393","5,136,031 ",Africa,"2,55060,42469",
,180,Monaco,"1,965",+9,24 ,,"1,720",+10,221,5,"49,839",609,"51,953","1,317,701","39,427 ",Europe,"201,6431",
,181,Sao Tome and Principe,"1,828",+42,30 ,+1,"1,413",+31,385,,"8,240",135,"11,592","52,252","221,849 ",Africa,"1217,39519",
,182,St. Vincent Grenadines,"1,628",+72,8 ,,938,+6,682,2,"14,644",72,"36,649","329,651","111,175 ",North America,"6813,8973",
,183,Saint Martin,"1,544",,12 ,,"1,399",,133,7,"39,486",307,"21,398","547,235","39,102 ",North America,"253,2592",
,184,Papua New Guinea,"1,365",+90,14 ,+2,846,,505,,151,2,"47,490","5,242","9,059,009 ",Australia/Oceania,"6,637647,072191",
,185,Taiwan,955,,9 ,,919,,27,,40,0.4,"174,659","7,325","23,845,506 ",Asia,"24,9692,649,501137",
,186,Bhutan,867,,1 ,,865,,1,,"1,115",1,"529,684","681,488","777,246 ",Asia,"896777,2461",
,187,Cambodia,820,+15, ,,477,,343,,49,,"493,417","29,244","16,872,270 ",Asia,"20,57634",
,188,Antigua and Barbuda,769,+39,14 ,,307,+6,448,40,"7,810",142,"13,976","141,934","98,468 ",North America,"1287,0337",
,189,Diamond Princess,712,,13 ,,699,,0,,,,,, ,,,
,190,Bermuda,707,+2,12 ,,682,,13,3,"11,380",193,"174,638","2,811,120","62,124 ",North America,"885,1770",
,191,Faeroe Islands,658,,1 ,,657,,0,,"13,432",20,"231,545","4,726,662","48,987 ",Europe,"7448,9870",
,192,Mauritius,619,+9,10 ,,588,+17,21,,486,8,"289,552","227,425","1,273,175 ",Africa,"2,057127,3184",
,193,St. Barth,573,,1 ,,462,,110,,"57,896",101,"17,956","1,814,287","9,897 ",North America,"179,8971",
,194,Tanzania,509,,21 ,,183,,305,7,8,0.3,,,"60,852,513 ",Africa,"119,5532,897,739",
,195,Isle of Man,486,+2,25 ,,411,,50,,"5,695",293,"33,108","387,990","85,332 ",Europe,"1763,4133",
,196,Cayman Islands,447,+3,2 ,,415,+2,30,,"6,749",30,"74,186","1,120,059","66,234 ",North America,"14833,1171",
,197,Caribbean Netherlands,429,,4 ,,402,,23,,"16,259",152,"6,520","247,110","26,385 ",North America,"626,5964",
,198,Brunei ,186,,3 ,,181,,2,,422,7,"100,667","228,653","440,261 ",Asia,"2,367146,7544",
,199,British Virgin Islands,153,,1 ,,131,,21,,"5,039",33,"13,223","435,468","30,365 ",North America,"19830,3652",
,200,Grenada,148,,1 ,,147,,0,,"1,311",9,"20,288","179,747","112,870 ",North America,"763112,8706",
,201,Dominica,144,+2, ,,130,+3,14,,"1,997",,"11,768","163,206","72,105 ",North America,5016,
,202,Timor-Leste,113,, ,,90,,23,,85,,"21,323","15,972","1,335,037 ",Asia,"11,81463",
,203,Fiji,59,,2 ,,54,,3,,66,2,"30,118","33,436","900,763 ",Australia/Oceania,"15,267450,38230",
,204,New Caledonia,58,, ,,55,,3,,202,,"22,627","78,752","287,320 ",Australia/Oceania,"4,95413",
,205,Falkland Islands,54,, ,,46,,8,,"15,224",,"7,009","1,976,036","3,547 ",South America,661,
,206,Macao,48,, ,,47,,1,,73,,"4,369","6,668","655,200 ",Asia,"13,650150",
,207,Laos,45,, ,,42,,3,,6,,"112,150","15,268","7,345,485 ",Asia,"163,23365",
,208,Saint Kitts and Nevis,41,, ,,40,,1,,767,,"8,790","164,456","53,449 ",North America,"1,3046",
,209,Greenland,30,, ,,30,,0,,528,,"18,924","332,958","56,836 ",North America,"1,8953",
,210,Vatican City,27,, ,,15,,12,,"33,666",,,,802 ,Europe,30,
,211,Saint Pierre Miquelon,24,, ,,16,,8,,"4,156",,"3,729","645,714","5,775 ",North America,2412,
,212,Montserrat,20,,1 ,,13,,6,,"4,005",200,947,"189,628","4,994 ",North America,"2504,9945",
,213,Anguilla,18,, ,,18,,0,,"1,193",,"9,742","645,508","15,092 ",North America,8382,
,214,Solomon Islands,18,, ,,14,,4,,26,,"4,500","6,447","697,980 ",Australia/Oceania,"38,777155",
,215,Western Sahara,10,,1 ,,8,,1,,16,2,,,"607,013 ",Africa,"60,701607,013",
,216,MS Zaandam,9,,2 ,,7,,0,,,,,, ,,,
,217,Wallis and Futuna,9,, ,,7,,2,,810,,"1,202","108,220","11,107 ",Australia/Oceania,"1,2349",
,218,Marshall Islands,4,, ,,4,,0,,67,,,,"59,456 ",Australia/Oceania,"14,864",
,219,Samoa,3,, ,,2,,1,,15,,,,"199,291 ",Australia/Oceania,"66,430",
,220,Micronesia,1,, ,,1,,0,,9,,,,"115,823 ",Australia/Oceania,"115,823",
,221,Vanuatu,1,, ,,1,,0,,3,,470,"1,507","311,876 ",Australia/Oceania,"311,876664",
,,Total:,"25,073,696","+69,055","399,018",+698,"23,573,867","+58,325","1,100,811","21,924",,,,,,Asia, ,,,
,,Total:,"33,630,653","+62,615","761,421","+1,981","23,383,247","+135,579","9,485,985","21,083",,,,,,North America, ,,,
,,Total:,"18,047,768","+56,543","468,217","+1,378","16,324,992","+66,453","1,254,559","18,969",,,,,,South America, ,,,
,,Total:,"34,251,310","+92,536","815,948","+2,315","23,904,158","+186,168","9,531,204","25,672",,,,,,Europe, ,,,
,,Total:,"3,934,208","+9,610","104,184",+315,"3,492,194","+9,110","337,830","2,533",,,,,,Africa, ,,,
,,Total:,"51,285",+124,"1,090",+2,"34,286",+7,"15,909",2,,,,,,Australia/Oceania, ,,,
,,Total:,721,,15,,706,,0,0,,,,,,, ,,,
,,Total:,"114,989,641","+290,483","2,549,893","+6,689","90,713,450","+455,642","21,726,298","90,183","14,752.1",327.1,,,,All,,,,,
,#,"Country,Other",TotalCases,NewCases,TotalDeaths,NewDeaths,TotalRecovered,NewRecovered,ActiveCases,"Serious,Critical",Tot Cases/1M pop,Deaths/1M pop,TotalTests,Tests/,1M pop,,Population,Continent,1 Caseevery X ppl1 Deathevery X ppl1 Testevery X ppl,
,,,Asia,,"25,004,641","+68,629","398,320",+768,"23,515,542","+69,249","1,090,779","21,922",,,,,,Asia,,,,,
,,,North America,,"33,568,038","+66,022","759,440","+2,185","23,247,668","+73,609","9,560,930","21,315",,,,,,North America,,,,,
,,,South America,,"17,991,225","+55,354","466,839","+1,246","16,258,539","+54,690","1,265,847","18,955",,,,,,South America,,,,,
,,,Europe,,"34,158,774","+121,664","813,633","+1,976","23,717,990","+108,629","9,627,151","25,538",,,,,,Europe,,,,,
,,,Africa,,"3,924,598","+8,771","103,869",+222,"3,483,084","+7,403","337,645","2,555",,,,,,Africa,,,,,
,,,Oceania,,"51,161",+9,"1,088",,"34,279",+7,"15,794",6,,,,,,Australia/Oceania,,,,,
,,,,,721,,15,,706,,0,0,,,,,,,,,,,
,,World,"114,699,158","+320,449","2,543,204","+6,397","90,257,808","+313,587","21,898,146","90,291","14,715",326.3,,,,All,,,,,
,1,China,"89,893",+6,"4,636 ",,"85,039",+18,218,1,62,3,"160,000,000","111,163","1,439,323,776 ",Asia,"16,012310,4679",
,2,USA,"29,261,107","+52,966","525,787 ","+1,285","19,694,893","+61,670","9,040,427","14,780","88,058","1,582","359,022,346","1,080,436","332,293,850 ",North America,116321,
,3,India,"11,112,056","+15,616","157,195 ",+108,"10,784,568","+11,293","170,293","8,944","8,000",113,"216,231,106","155,673","1,389,012,340 ",Asia,"1258,8366",
,4,Brazil,"10,551,259","+34,027","255,018 ",+755,"9,411,033","+24,593","885,208","8,318","49,406","1,194","28,600,000","133,918","213,563,946 ",South America,208377,
,5,Russia,"4,246,079","+11,359","86,122 ",+379,"3,811,797","+12,391","348,160","2,300","29,087",590,"111,000,000","760,398","145,976,195 ",Europe,"341,6951",
,6,UK,"4,176,554","+6,035","122,849 ",+144,"2,905,317","+59,109","1,148,388","1,971","61,309","1,803","89,162,545","1,308,841","68,123,305 ",Europe,165551,
,7,France,"3,755,968","+19,952","86,428 ",+96,"254,868",,"3,414,672","3,430","57,457","1,322","51,853,607","793,235","65,369,759 ",Europe,177561,
,8,Spain,"3,198,223","+4,350","69,454 ",+156,"2,647,446",,"481,323","3,021","68,387","1,485","38,491,517","823,051","46,766,856 ",Europe,156731,
,9,Italy,"2,925,257","+17,447","97,699 ",+192,"2,405,199","+6,847","422,359","2,231","48,429","1,617","40,132,887","664,424","60,402,483 ",Europe,216182,
,10,Turkey,"2,701,588","+8,424","28,569 ",+66,"2,572,234","+6,511","100,785","1,191","31,805",336,"33,175,016","390,564","84,941,319 ",Asia,"312,9733",
,11,Germany,"2,450,362","+6,185","70,687 ",+98,"2,248,400","+5,200","131,275","2,848","29,184",842,"43,950,029","523,449","83,962,383 ",Europe,"341,1882",
,12,Colombia,"2,251,690","+3,555","59,766 ",+106,"2,148,249","+2,799","43,675","2,240","43,942","1,166","11,458,960","223,621","51,242,817 ",South America,238574,
,13,Argentina,"2,107,365","+3,168","51,965 ",+19,"1,905,021","+5,934","150,379","3,505","46,345","1,143","7,436,806","163,550","45,471,214 ",South America,228756,
,14,Mexico,"2,084,128","+7,246","185,257 ",+783,"1,630,002","+4,674","268,869","4,798","16,053","1,427","5,443,167","41,925","129,831,819 ",North America,6270124,
,15,Poland,"1,706,986","+10,099","43,769 ",+114,"1,422,829","+8,368","240,388","1,503","45,136","1,157","9,868,422","260,939","37,818,948 ",Europe,228644,
,16,Iran,"1,631,169","+8,010","60,073 ",+93,"1,393,125","+6,591","177,971","3,732","19,257",709,"10,853,800","128,136","84,705,636 ",Asia,"521,4108",
,17,South Africa,"1,513,393","+1,168","49,993 ",+52,"1,430,259","+1,212","33,141",546,"25,306",836,"9,077,479","151,786","59,804,451 ",Africa,"401,1967",
,18,Ukraine,"1,347,849","+5,833","25,982 ",+89,"1,170,023","+1,702","151,844",177,"30,944",596,"6,845,974","157,169","43,558,040 ",Europe,"321,6766",
,19,Indonesia,"1,334,634","+5,560","36,166 ",+185,"1,142,703","+6,649","155,765",,"4,845",131,"10,799,191","39,207","275,443,201 ",Asia,"2067,61626",
,20,Peru,"1,329,805","+5,942","46,494 ",+195,"1,232,528","+6,534","50,783","2,150","39,963","1,397","7,584,699","227,932","33,276,156 ",South America,257164,
,21,Czechia,"1,235,517","+7,815","20,460 ",+158,"1,081,734",+458,"133,323","1,523","115,230","1,908","8,024,849","748,432","10,722,222 ",Europe,95241,
,22,Netherlands,"1,088,690","+4,669","15,563 ",+20,N/A,N/A,N/A,518,"63,443",907,"6,970,400","406,197","17,160,136 ",Europe,"161,1032",
,23,Canada,"866,503","+2,307","21,994 ",+34,"813,778","+2,406","30,731",567,"22,826",579,"24,425,703","643,425","37,961,976 ",North America,"441,7262",
,24,Chile,"825,625","+4,207","20,572 ",+96,"780,530","+3,575","24,523","1,659","42,945","1,070","9,366,844","487,217","19,225,214 ",South America,239352,
,25,Portugal,"804,562",+718,"16,317 ",+41,"718,977","+1,664","69,268",484,"79,058","1,603","8,220,231","807,738","10,176,851 ",Europe,136241,
,26,Romania,"801,994","+2,830","20,350 ",+63,"740,352","+1,783","41,292","1,006","41,876","1,063","6,052,647","316,035","19,151,839 ",Europe,249413,
,27,Israel,"775,807","+2,472","5,752 ",+20,"733,410","+5,608","36,645",754,"84,349",625,"11,959,120","1,300,245","9,197,590 ",Asia,"121,5991",
,28,Belgium,"769,414","+2,760","22,052 ",+18,"52,359",+126,"695,003",393,"66,196","1,897","9,432,460","811,520","11,623,201 ",Europe,155271,
,29,Iraq,"695,489","+3,248","13,406 ",+23,"635,931","+2,933","46,152",397,"17,039",328,"6,846,243","167,727","40,817,743 ",Asia,"593,0456",
,30,Sweden,"657,309",,"12,826 ",,N/A,N/A,N/A,234,"64,816","1,265","6,139,911","605,445","10,141,149 ",Europe,157912,
,31,Pakistan,"579,973","+1,176","12,860 ",+23,"545,277",+871,"21,836","1,562","2,592",57,"8,951,838","40,013","223,725,678 ",Asia,"38617,39725",
,32,Philippines,"576,344","+2,105","12,318 ",+29,"534,265","+9,412","29,761",785,"5,214",111,"8,785,105","79,469","110,547,691 ",Asia,"1928,97413",
,33,Switzerland,"554,932",,"9,966 ",,"511,437","+1,791","33,529",180,"63,810","1,146","5,025,401","577,852","8,696,696 ",Europe,168732,
,34,Bangladesh,"546,216",+385,"8,408 ",+8,"496,924",+817,"40,884",,"3,295",51,"4,044,027","24,394","165,778,659 ",Asia,"30419,71741",
,35,Morocco,"483,654",+244,"8,623 ",+8,"469,046",+239,"5,985",284,"13,001",232,"5,655,947","152,039","37,200,727 ",Africa,"774,3147",
,36,Austria,"459,496","+2,179","8,561 ",+23,"430,415","+1,511","20,520",279,"50,826",947,"5,368,211","593,790","9,040,586 ",Europe,"201,0562",
,37,Serbia,"459,259","+2,809","4,443 ",+14,"400,347",,"54,469",162,"52,704",510,"2,940,507","337,452","8,713,853 ",Europe,"191,9613",
,38,Japan,"431,740","+1,201","7,860 ",+53,"409,319","+1,299","14,561",434,"3,421",62,"8,234,982","65,244","126,217,845 ",Asia,"29216,05815",
,39,Hungary,"428,599","+4,469","14,974 ",+72,"321,128","+1,437","92,497",524,"44,442","1,553","3,660,342","379,547","9,643,970 ",Europe,236443,
,40,UAE,"391,524","+2,930","1,221 ",+8,"381,225","+1,517","9,078",,"39,272",122,"30,665,851","3,075,921","9,969,649 ",Asia,"258,1650",
,41,Jordan,"391,090","+4,594","4,701 ",+26,"348,599","+2,312","37,790",302,"38,079",458,"4,600,197","447,909","10,270,381 ",Asia,"262,1852",
,42,Saudi Arabia,"377,383",+322,"6,494 ",+6,"368,305",+294,"2,584",481,"10,729",185,"13,633,077","387,603","35,172,767 ",Asia,"935,4163",
,43,Lebanon,"375,050","+2,258","4,692 ",+40,"291,590","+3,085","78,768",912,"55,114",689,"3,025,365","444,579","6,805,016 ",Asia,"181,4502",
,44,Panama,"340,915",+470,"5,845 ",+14,"326,213",+722,"8,857",195,"78,196","1,341","1,908,448","437,745","4,359,725 ",North America,137462,
,45,Slovakia,"308,083","+1,815","7,189 ",+114,"255,300",,"45,594",677,"56,411","1,316","2,046,571","374,733","5,461,406 ",Europe,187603,
,46,Malaysia,"300,752","+2,437","1,130 ",+9,"273,417","+3,251","26,205",202,"9,214",35,"6,234,519","191,003","32,640,901 ",Asia,"10928,8865",
,47,Belarus,"287,306","+1,347","1,976 ",+10,"277,994","+1,760","7,336",,"30,412",209,"4,898,038","518,462","9,447,249 ",Europe,"334,7812",
,48,Ecuador,"286,155","+1,808","15,811 ",+32,"247,898","+9,081","22,446",532,"16,058",887,"1,009,661","56,657","17,820,433 ",South America,"621,12718",
,49,Nepal,"274,143",+78,"2,774 ",+1,"270,407",+82,962,,"9,298",94,"2,162,936","73,361","29,483,260 ",Asia,"10810,62814",
,50,Georgia,"270,758",+248,"3,510 ",+11,"265,114",+525,"2,134",,"67,960",881,"2,712,097","680,738","3,984,055 ",Asia,"151,1351",
,51,Bolivia,"248,547",+656,"11,628 ",+19,"192,553",+603,"44,366",71,"21,102",987,"716,703","60,848","11,778,531 ",South America,"471,01316",
,52,Bulgaria,"247,038",+332,"10,191 ",+24,"205,545",+408,"31,302",394,"35,733","1,474","1,665,229","240,868","6,913,440 ",Europe,286784,
,53,Croatia,"242,973",+356,"5,526 ",+15,"234,234",+344,"3,213",67,"59,431","1,352","1,344,652","328,900","4,088,334 ",Europe,177403,
,54,Dominican Republic,"239,617",+608,"3,100 ",+7,"191,338","+1,043","45,179",207,"21,943",284,"1,207,621","110,587","10,920,127 ",North America,"463,5239",
,55,Azerbaijan,"234,537",+270,"3,220 ",+2,"228,768",+117,"2,549",,"22,994",316,"2,598,679","254,775","10,199,878 ",Asia,"433,1684",
,56,Tunisia,"233,277",+662,"8,001 ",+27,"198,006",+387,"27,270",266,"19,602",672,"979,785","82,330","11,900,699 ",Africa,"511,48712",
,57,Ireland,"219,592",+612,"4,319 ",+6,"23,364",,"191,909",133,"44,145",868,"3,523,320","708,293","4,974,381 ",Europe,"231,1521",
,58,Kazakhstan,"212,809",+791,"2,540 ",,"196,543",+791,"13,726",221,"11,244",134,"7,419,449","392,031","18,925,661 ",Asia,"897,4513",
,59,Denmark,"211,195",+463,"2,361 ",+3,"202,181",+333,"6,653",41,"36,377",407,"17,016,520","2,930,959","5,805,786 ",Europe,"272,4590",
,60,Costa Rica,"204,906",+200,"2,806 ",+3,"179,992","+1,147","22,108",147,"39,982",548,"687,330","134,113","5,125,013 ",North America,"251,8267",
,61,Lithuania,"199,155",+366,"3,246 ",+11,"184,785",+147,"11,124",153,"73,849","1,204","2,115,119","784,306","2,696,802 ",Europe,148311,
,62,Greece,"191,100","+1,269","6,504 ",+36,"165,718",,"18,878",391,"18,394",626,"5,235,862","503,980","10,389,020 ",Europe,"541,5972",
,63,Kuwait,"190,852",+962,"1,083 ",+5,"179,209","+1,012","10,560",156,"44,257",251,"1,784,499","413,807","4,312,396 ",Asia,"233,9822",
,64,Slovenia,"190,081",+451,"3,843 ",+7,"175,210",,"11,028",93,"91,423","1,848","912,361","438,819","2,079,129 ",Europe,115412,
,65,Moldova,"185,453",+597,"3,949 ",+25,"166,178",+689,"15,326",311,"46,044",980,"717,590","178,164","4,027,703 ",Europe,"221,0206",
,66,Palestine,"183,612","+1,703","2,042 ",+17,"166,936",+817,"14,634",117,"35,449",394,"1,164,857","224,894","5,179,587 ",Asia,"282,5374",
,67,Egypt,"182,424",+595,"10,688 ",+49,"140,892",+432,"30,844",90,"1,761",103,"1,000,000","9,652","103,609,799 ",Africa,"5689,694104",
,68,Guatemala,"174,542",+207,"6,393 ",+19,"161,511",+382,"6,638",5,"9,625",353,"917,819","50,611","18,134,600 ",North America,"1042,83720",
,69,Armenia,"172,058",+265,"3,192 ",+2,"163,394",+85,"5,472",,"57,992","1,076","729,267","245,798","2,966,934 ",Asia,179294,
,70,Honduras,"169,754",+843,"4,141 ",+24,"66,447",+574,"99,166",406,"16,960",414,"446,239","44,584","10,008,866 ",North America,"592,41722",
,71,Qatar,"163,664",+467,258 ,+1,"153,621",+402,"9,785",105,"58,289",92,"1,537,958","547,744","2,807,805 ",Asia,"1710,8832",
,72,Paraguay,"159,474",+937,"3,181 ",+14,"133,435",+990,"22,858",257,"22,178",442,"751,582","104,522","7,190,634 ",South America,"452,26010",
,73,Ethiopia,"159,072","+1,019","2,365 ",+11,"134,858",+122,"21,849",377,"1,361",20,"2,134,587","18,269","116,839,161 ",Africa,"73549,40355",
,74,Nigeria,"155,657",+240,"1,907 ",+2,"133,768",+512,"19,982",10,743,9,"1,489,103","7,108","209,504,660 ",Africa,"1,346109,861141",
,75,Myanmar,"141,896",+6,"3,199 ",,"131,480",+26,"7,217",,"2,596",59,"2,490,989","45,579","54,652,346 ",Asia,"38517,08422",
,76,Oman,"141,496",+908,"1,570 ",+8,"132,459",+775,"7,467",67,"27,252",302,"1,550,000","298,528","5,192,135 ",Asia,"373,3073",
,77,Venezuela,"139,116",+377,"1,344 ",+3,"130,834",,"6,938",131,"4,902",47,"2,844,236","100,212","28,382,129 ",South America,"20421,11810",
,78,Libya,"133,338",+880,"2,179 ",+5,"120,240",+748,"10,919",,"19,232",314,"725,979","104,710","6,933,208 ",Africa,"523,18210",
,79,Bosnia and Herzegovina,"130,979",,"5,071 ",,"115,847",,"10,061",,"40,089","1,552","661,206","202,379","3,267,170 ",Europe,256445,
,80,Bahrain,"122,394",+616,449 ,+5,"115,089",+617,"6,856",66,"70,329",258,"3,092,326","1,776,881","1,740,311 ",Asia,"143,8761",
,81,Algeria,"113,092",+132,"2,983 ",+4,"78,098",+122,"32,011",21,"2,549",67,,,"44,374,506 ",Africa,"39214,876",
,82,Albania,"107,167",+952,"1,796 ",+21,"69,773",+804,"35,598",46,"37,266",625,"462,386","160,791","2,875,700 ",Europe,"271,6016",
,83,Kenya,"105,973",+325,"1,856 ",+2,"86,678",+69,"17,439",58,"1,943",34,"1,298,838","23,809","54,552,594 ",Africa,"51529,39342",
,84,North Macedonia,"102,787",+305,"3,137 ",+11,"91,233",+167,"8,417",124,"49,338","1,506","522,518","250,811","2,083,317 ",Europe,206644,
,85,S. Korea,"89,676",+355,"1,603 ",+8,"80,697",+364,"7,376",135,"1,748",31,"6,649,006","129,614","51,298,605 ",Asia,"57232,0028",
,86,Kyrgyzstan,"86,229",+44,"1,464 ",+1,"83,179",+52,"1,586",29,"13,074",222,"743,985","112,803","6,595,412 ",Asia,"764,5059",
,87,Latvia,"86,186",+376,"1,618 ",+4,"75,255",+416,"9,313",74,"46,034",864,"1,500,448","801,426","1,872,222 ",Europe,"221,1571",
,88,Ghana,"84,023",+811,607 ,+8,"77,972",+839,"5,444",132,"2,667",19,"893,602","28,367","31,501,063 ",Africa,"37551,89635",
,89,Sri Lanka,"83,242",+352,464 ,,"78,947",+574,"3,831",,"3,877",22,"2,030,702","94,570","21,473,023 ",Asia,"25846,27811",
,90,Uzbekistan,"79,886",+50,622 ,,"78,442",+69,822,27,"2,364",18,"1,377,915","40,778","33,790,474 ",Asia,"42354,32625",
,91,Zambia,"78,534",+332,"1,091 ",+10,"74,498",+889,"2,945",251,"4,195",58,"1,087,439","58,082","18,722,445 ",Africa,"23817,16117",
,92,Montenegro,"75,834",+502,"1,003 ",+4,"66,226",+446,"8,605",68,"120,732","1,597","281,114","447,549","628,119 ",Europe,86262,
,93,Norway,"71,006",+180,622 ,,"63,783",,"6,601",19,"13,030",114,"3,825,778","702,053","5,449,414 ",Europe,"778,7611",
,94,Estonia,"65,600","+1,201",589 ,+5,"49,908",+199,"15,103",42,"49,430",444,"934,681","704,287","1,327,130 ",Europe,"202,2531",
,95,Singapore,"59,936",+11,29 ,,"59,823",+7,84,1,"10,192",5,"7,290,760","1,239,731","5,880,920 ",Asia,"98202,7901",
,96,El Salvador,"59,866",,"1,854 ",+7,"55,312",,"2,700",43,"9,199",285,"761,858","117,065","6,507,985 ",North America,"1093,5109",
,97,Mozambique,"59,350",+578,641 ,+11,"41,096",+335,"17,613",,"1,865",20,"423,338","13,299","31,831,135 ",Africa,"53649,65975",
,98,Uruguay,"57,994",+632,608 ,+5,"50,039",+573,"7,347",76,"16,657",175,"1,017,834","292,334","3,481,748 ",South America,"605,7273",
,99,Finland,"57,672",+620,742 ,,"46,000",,"10,930",38,"10,398",134,"3,316,327","597,918","5,546,457 ",Europe,"967,4752",
,100,Afghanistan,"55,733",+19,"2,444 ",+1,"49,333",+45,"3,956","1,066","1,411",62,"298,149","7,547","39,506,499 ",Asia,"70916,165133",
,101,Luxembourg,"55,435",+122,638 ,+1,"51,487",,"3,310",20,"87,614","1,008","2,123,248","3,355,763","632,717 ",Europe,119920,
,102,Cuba,"49,779",+618,322 ,+4,"45,242",+676,"4,215",55,"4,397",28,"2,392,132","211,282","11,322,003 ",North America,"22735,1625",
,103,Uganda,"40,357",+22,334 ,,"14,666",+50,"25,357",,864,7,"880,395","18,857","46,688,793 ",Africa,"1,157139,78753",
,104,Namibia,"38,845",+203,424 ,+4,"36,261",+41,"2,160",20,"15,107",165,"302,912","117,804","2,571,324 ",Africa,"666,0648",
,105,Zimbabwe,"36,089",+31,"1,463 ",,"32,666",+76,"1,960",41,"2,405",97,"338,614","22,565","15,006,223 ",Africa,"41610,25744",
,106,Cameroon,"35,714",,551 ,,"32,594",,"2,569",53,"1,324",20,"149,000","5,522","26,981,052 ",Africa,"75548,967181",
,107,Cyprus,"34,707",+283,231 ,,"2,057",,"32,419",24,"28,608",190,"1,974,004","1,627,102","1,213,202 ",Asia,"355,2521",
,108,Senegal,"34,520",+265,872 ,+7,"28,894",+283,"4,754",52,"2,027",51,"388,952","22,833","17,034,286 ",Africa,"49319,53544",
,109,Ivory Coast,"32,754",+123,192 ,,"31,624",+108,938,,"1,222",7,"423,731","15,806","26,808,498 ",Africa,"818139,62863",
,110,Malawi,"31,945",+147,"1,044 ",+3,"18,874",+450,"12,027",4,"1,642",54,"197,924","10,173","19,455,337 ",Africa,"60918,63598",
,111,Australia,"28,970",+5,909 ,,"26,168",+2,"1,893",,"1,127",35,"14,346,034","558,295","25,696,142 ",Australia/Oceania,"88728,2692",
,112,Botswana,"28,371",,310 ,,"23,244",,"4,817",1,"11,906",130,"805,587","338,059","2,382,980 ",Africa,"847,6873",
,113,Sudan,"28,351",+17,"1,880 ",,"22,907",+20,"3,564",,637,42,,,"44,524,111 ",Africa,"1,57023,683",
,114,Thailand,"25,951",+70,83 ,,"25,128",+106,740,1,371,1,"1,217,873","17,419","69,916,675 ",Asia,"2,694842,37057",
,115,DRC,"25,913",+121,707 ,,"18,951",,"6,255",,284,8,,,"91,349,093 ",Africa,"3,525129,207",
,116,Jamaica,"23,263",+446,422 ,+5,"13,410",+92,"9,431",22,"7,833",142,"210,450","70,864","2,969,771 ",North America,"1287,03714",
,117,Malta,"22,482",+263,315 ,+2,"19,447",+192,"2,720",18,"50,827",712,"698,239","1,578,562","442,326 ",Europe,"201,4041",
,118,Angola,"20,807",+25,508 ,+2,"19,322",+7,977,12,620,15,"189,473","5,650","33,537,239 ",Africa,"1,61266,018177",
,119,Madagascar,"19,831",,297 ,,"19,296",,238,23,704,11,"119,608","4,247","28,159,641 ",Africa,"1,42094,814235",
,120,Maldives,"19,793",+196,62 ,+1,"17,249",+117,"2,482",162,"36,195",113,"523,778","957,829","546,839 ",Asia,"288,8201",
,121,Rwanda,"18,850",+60,261 ,,"17,313",+6,"1,276",11,"1,432",20,"1,009,041","76,653","13,163,684 ",Africa,"69850,43613",
,122,French Polynesia,"18,387",,139 ,,"4,842",,"13,406",6,"65,205",493,"26,355","93,461","281,988 ",Australia/Oceania,"152,02911",
,123,Mauritania,"17,207",+11,441 ,+1,"16,563",+21,203,14,"3,638",93,"173,540","36,689","4,730,086 ",Africa,"27510,72627",
,124,Eswatini,"17,014",+12,652 ,+2,"14,676",+230,"1,686",36,"14,565",558,"151,217","129,451","1,168,137 ",Africa,"691,7928",
,125,Mayotte,"16,861",,109 ,,"2,964",,"13,788",22,"60,837",393,"123,040","443,944","277,152 ",Africa,"162,5432",
,126,French Guiana,"16,627",,85 ,,"9,995",,"6,547",6,"54,734",280,"149,894","493,433","303,778 ",South America,"183,5742",
,127,Guinea,"15,992",+98,89  ,,"14,897",+18,"1,006",24,"1,196",7,"138,721","10,378","13,367,107 ",Africa,"836150,19296",
,128,Syria,"15,588",+55,"1,027 ",+4,"9,801",+84,"4,760",,877,58,,,"17,780,740 ",Asia,"1,14117,313",
,129,Cabo Verde,"15,400",+76,147 ,,"14,814",+30,439,23,"27,500",263,"122,118","218,070","559,994 ",Africa,"363,8095",
,130,Gabon,"14,564",,83 ,,"13,143",,"1,338",10,"6,443",37,"524,784","232,170","2,260,347 ",Africa,"15527,2334",
,131,Tajikistan,"13,308",,90 ,,"13,218",,0,,"1,375",9,,,"9,678,921 ",Asia,"727107,544",
,132,Haiti,"12,448",,249 ,,"9,712",,"2,487",,"1,083",22,"54,379","4,731","11,494,705 ",North America,"92346,163211",
,133,Réunion,"12,416",,52 ,,"11,270",,"1,094",55,"13,802",58,"98,785","109,815","899,560 ",Africa,"7217,2999",
,134,Belize,"12,293",,315 ,,"11,836",,142,2,"30,549",783,"83,888","208,469","402,400 ",North America,"331,2775",
,135,Burkina Faso,"11,982",,142 ,,"11,493",,347,,563,7,,,"21,280,234 ",Africa,"1,776149,861",
,136,Hong Kong,"11,006",+22,199 ,+1,"10,536",+17,271,17,"1,460",26,"7,980,942","1,058,846","7,537,398 ",Asia,"68537,8761",
,137,Andorra,"10,866",+17,110 ,,"10,446",+17,310,17,"140,484","1,422","193,595","2,502,941","77,347 ",Europe,77030,
,138,Lesotho,"10,491",,292 ,,"3,745",,"6,454",,"4,872",136,"60,460","28,075","2,153,535 ",Africa,"2057,37536",
,139,Guadeloupe,"9,746",,159 ,,"2,242",,"7,345",6,"24,355",397,"131,178","327,806","400,170 ",North America,"412,5173",
,140,Suriname,"8,929",+10,172 ,+2,"8,406",+7,351,6,"15,131",291,"40,864","69,247","590,123 ",South America,"663,43114",
,141,Congo,"8,820",,128 ,,"7,019",,"1,673",,"1,573",23,"92,500","16,496","5,607,552 ",Africa,"63643,80961",
,142,Guyana,"8,585",+35,195 ,,"7,972",+1,418,4,"10,880",247,"65,258","82,702","789,078 ",South America,"924,04712",
,143,Bahamas,"8,519",,179 ,,"7,309",,"1,031",2,"21,527",452,"67,841","171,429","395,739 ",North America,"462,2116",
,144,Mali,"8,376",+11,353 ,+1,"6,402",,"1,621",,406,17,"153,345","7,432","20,634,137 ",Africa,"2,46358,454135",
,145,South Sudan,"7,926",+155,94 ,+1,"4,217",,"3,615",11,703,8,"109,705","9,725","11,280,773 ",Africa,"1,423120,008103",
,146,Aruba,"7,891",+15,73 ,,"7,595",+32,223,11,"73,701",682,"105,370","984,141","107,068 ",North America,"141,4671",
,147,Trinidad and Tobago,"7,713",+8,139 ,,"7,466",+8,108,2,"5,499",99,"96,180","68,577","1,402,506 ",North America,"18210,09015",
,148,Somalia,"7,257",+266,239 ,+8,"3,808",+21,"3,210",,448,15,,,"16,184,755 ",Africa,"2,23067,719",
,149,Togo,"6,901",+50,84 ,+1,"5,660",+61,"1,157",,821,10,"236,373","28,118","8,406,614 ",Africa,"1,218100,07936",
,150,Martinique,"6,687",,45 ,,98,,"6,544",2,"17,829",120,"100,913","269,050","375,071 ",North America,"568,3354",
,151,Nicaragua,"6,445",,173 ,,"4,225",,"2,047",,965,26,,,"6,676,827 ",North America,"1,03638,594",
,152,Djibouti,"6,066",+1,63 ,,"5,897",+2,106,,"6,081",63,"115,711","115,999","997,516 ",Africa,"16415,8349",
,153,Iceland,"6,049",,29 ,,"6,006",,14,8,"17,650",85,"499,700","1,458,059","342,716 ",Europe,"5711,8181",
,154,Equatorial Guinea,"6,005",,91 ,,"5,622",,292,24,"4,190",63,"97,933","68,331","1,433,205 ",Africa,"23915,75015",
,155,Benin,"5,434",,70 ,,"4,248",,"1,116",35,441,6,"476,511","38,640","12,332,176 ",Africa,"2,269176,17426",
,156,CAR,"5,004",,63 ,,"4,920",,21,2,"1,024",13,"37,104","7,595","4,885,300 ",Africa,"97677,544132",
,157,Niger,"4,740",,172 ,,"4,250",,318,23,191,7,"78,967","3,187","24,780,040 ",Africa,"5,228144,070314",
,158,Curaçao,"4,730",+3,22 ,,"4,641",+4,67,1,"28,747",134,"50,962","309,724","164,540 ",North America,"357,4793",
,159,Gambia,"4,712",+21,150 ,+2,"4,089",,473,8,"1,914",61,"42,976","17,461","2,461,302 ",Africa,"52216,40957",
,160,Gibraltar,"4,239",+1,93 ,,"4,124",+2,22,3,"125,846","2,761","186,632","5,540,672","33,684 ",Europe,83620,
,161,Channel Islands,"4,038",+4,86 ,,"3,928",+35,24,1,"23,084",492,"372,876","2,131,609","174,927 ",Europe,"432,0340",
,162,Chad,"3,973",,140 ,,"3,475",,358,,237,8,,,"16,735,622 ",Africa,"4,212119,540",
,163,Sierra Leone,"3,887",,79 ,,"2,621",,"1,187",,481,10,"116,448","14,405","8,084,088 ",Africa,"2,080102,33069",
,164,San Marino,"3,716",,74  ,,"3,257",,385,8,"109,362","2,178","42,306","1,245,063","33,979 ",Europe,94591,
,165,Comoros,"3,571",,144 ,,"3,314",+10,113,,"4,050",163,,,"881,825 ",Africa,"2476,124",
,166,Saint Lucia,"3,390",+34,35 ,,"3,013",+101,342,2,"18,405",190,"31,081","168,748","184,186 ",North America,"545,2626",
,167,Guinea-Bissau,"3,262",+15,48 ,,"2,613",+12,601,7,"1,632",24,"52,274","26,155","1,998,656 ",Africa,"61341,63938",
,168,Barbados,"3,068",+30,33 ,,"2,407",+63,628,,"10,667",115,"125,693","437,026","287,610 ",North America,"948,7152",
,169,Mongolia,"2,907",+41,2 ,,"2,249",+66,656,8,877,0.6,"1,784,899","538,719","3,313,227 ",Asia,"1,1401,656,6142",
,170,Eritrea,"2,847",,7 ,,"2,253",,587,,795,2,"23,693","6,620","3,578,942 ",Africa,"1,257511,277151",
,171,Seychelles,"2,618",+26,11 ,,"2,287",+24,320,,"26,511",111,"5,200","52,657","98,752 ",Africa,"388,97719",
,172,Liechtenstein,"2,567",+1,54 ,,"2,484",,29,3,"67,197","1,414","27,354","716,055","38,201 ",Europe,157071,
,173,Vietnam,"2,448",+16,35 ,,"1,876",+32,537,,25,0.4,"1,997,072","20,395","97,920,300 ",Asia,"40,0002,797,72349",
,174,New Zealand,"2,376",+4,26 ,,"2,285",+5,65,,475,5,"1,707,380","341,333","5,002,100 ",Australia/Oceania,"2,105192,3883",
,175,Yemen,"2,285",+16,634 ,+3,"1,435",,216,23,76,21,"17,404",575,"30,259,278 ",Asia,"13,24347,7281,739",
,176,Burundi,"2,209",+28,3 ,,773,,"1,433",,182,0.2,"90,019","7,425","12,123,378 ",Africa,"5,4884,041,126135",
,177,Turks and Caicos,"2,114",+15,14 ,,"1,873",+3,227,8,"54,116",358,"16,831","430,857","39,064 ",North America,"182,7902",
,178,Sint Maarten,"2,057",+2,27 ,,"2,000",+2,30,2,"47,617",625,"19,228","445,103","43,199 ",North America,"211,6002",
,179,Liberia,"2,014",+1,85 ,,"1,884",,45,2,392,17,"73,921","14,393","5,136,031 ",Africa,"2,55060,42469",
,180,Monaco,"1,956",+3,24 ,,"1,710",+6,222,5,"49,611",609,"51,953","1,317,701","39,427 ",Europe,"201,6431",
,181,Sao Tome and Principe,"1,786",,29 ,+1,"1,382",+27,375,,"8,051",131,"11,592","52,252","221,849 ",Africa,"1247,65019",
,182,St. Vincent Grenadines,"1,556",,8 ,,932,,616,2,"13,996",72,"35,851","322,474","111,175 ",North America,"7113,8973",
,183,Saint Martin,"1,544",,12 ,,"1,399",,133,7,"39,486",307,"21,398","547,235","39,102 ",North America,"253,2592",
,184,Papua New Guinea,"1,275",,12 ,,846,,417,,141,1,"47,490","5,242","9,059,009 ",Australia/Oceania,"7,105754,917191",
,185,Taiwan,955,+1,9 ,,919,+2,27,,40,0.4,"174,659","7,325","23,845,506 ",Asia,"24,9692,649,501137",
,186,Bhutan,867,,1 ,,865,+3,1,,"1,115",1,"528,646","680,153","777,246 ",Asia,"896777,2461",
,187,Cambodia,805,+38, ,,477,,328,,48,,"484,861","28,737","16,872,270 ",Asia,"20,95935",
,188,Antigua and Barbuda,730,+4,14 ,,301,+10,415,40,"7,414",142,"13,976","141,934","98,468 ",North America,"1357,0337",
,189,Diamond Princess,712,,13 ,,699,,0,,,,,, ,,,
,190,Bermuda,705,,12 ,,682,,11,3,"11,348",193,"174,195","2,803,989","62,124 ",North America,"885,1770",
,191,Faeroe Islands,658,,1 ,,657,,0,,"13,432",20,"230,656","4,708,515","48,987 ",Europe,"7448,9870",
,192,Mauritius,610,,10 ,,571,,29,,479,8,"289,552","227,425","1,273,175 ",Africa,"2,087127,3184",
,193,St. Barth,573,,1 ,,462,,110,,"57,896",101,"17,956","1,814,287","9,897 ",North America,"179,8971",
,194,Tanzania,509,,21 ,,183,,305,7,8,0.3,,,"60,852,513 ",Africa,"119,5532,897,739",
,195,Isle of Man,484,,25 ,,411,+1,48,,"5,672",293,"32,873","385,236","85,332 ",Europe,"1763,4133",
,196,Cayman Islands,444,,2 ,,413,,29,,"6,704",30,"73,596","1,111,151","66,234 ",North America,"14933,1171",
,197,Caribbean Netherlands,429,,4 ,,402,,23,,"16,259",152,"6,520","247,110","26,385 ",North America,"626,5964",
,198,Brunei ,186,,3 ,,181,,2,,422,7,"100,667","228,653","440,261 ",Asia,"2,367146,7544",
,199,British Virgin Islands,153,,1 ,,131,,21,,"5,039",33,"13,223","435,468","30,365 ",North America,"19830,3652",
,200,Grenada,148,,1 ,,147,,0,,"1,311",9,"20,288","179,747","112,870 ",North America,"763112,8706",
,201,Dominica,142,, ,,127,,15,,"1,969",,"11,519","159,753","72,105 ",North America,5086,
,202,Timor-Leste,113,+2, ,,90,+1,23,,85,,"21,323","15,972","1,335,037 ",Asia,"11,81463",
,203,Fiji,59,,2 ,,54,,3,,66,2,"30,118","33,436","900,763 ",Australia/Oceania,"15,267450,38230",
,204,New Caledonia,58,, ,,55,,3,,202,,"22,627","78,752","287,320 ",Australia/Oceania,"4,95413",
,205,Falkland Islands,54,, ,,46,,8,,"15,224",,"7,009","1,976,036","3,547 ",South America,661,
,206,Macao,48,, ,,47,,1,,73,,"4,369","6,668","655,200 ",Asia,"13,650150",
,207,Laos,45,, ,,42,,3,,6,,"112,150","15,268","7,345,485 ",Asia,"163,23365",
,208,Saint Kitts and Nevis,41,, ,,40,,1,,767,,"8,790","164,456","53,449 ",North America,"1,3046",
,209,Greenland,30,, ,,30,,0,,528,,"18,924","332,958","56,836 ",North America,"1,8953",
,210,Vatican City,27,, ,,15,,12,,"33,666",,,,802 ,Europe,30,
,211,Saint Pierre Miquelon,24,, ,,16,,8,,"4,156",,"3,729","645,714","5,775 ",North America,2412,
,212,Montserrat,20,,1 ,,13,,6,,"4,005",200,947,"189,628","4,994 ",North America,"2504,9945",
,213,Anguilla,18,, ,,18,,0,,"1,193",,"9,742","645,508","15,092 ",North America,8382,
,214,Solomon Islands,18,, ,,14,,4,,26,,"4,500","6,447","697,980 ",Australia/Oceania,"38,777155",
,215,Western Sahara,10,,1 ,,8,,1,,16,2,,,"607,013 ",Africa,"60,701607,013",
,216,MS Zaandam,9,,2 ,,7,,0,,,,,, ,,,
,217,Wallis and Futuna,9,, ,,7,,2,,810,,"1,202","108,220","11,107 ",Australia/Oceania,"1,2349",
,218,Marshall Islands,4,, ,,4,,0,,67,,,,"59,456 ",Australia/Oceania,"14,864",
,219,Samoa,3,, ,,2,,1,,15,,,,"199,291 ",Australia/Oceania,"66,430",
,220,Micronesia,1,, ,,1,,0,,9,,,,"115,823 ",Australia/Oceania,"115,823",
,221,Vanuatu,1,, ,,1,,0,,3,,470,"1,507","311,876 ",Australia/Oceania,"311,876664",
,,Total:,"25,004,641","+68,629","398,320",+768,"23,515,542","+69,249","1,090,779","21,922",,,,,,Asia, ,,,
,,Total:,"33,568,038","+66,022","759,440","+2,185","23,247,668","+73,609","9,560,930","21,315",,,,,,North America, ,,,
,,Total:,"17,991,225","+55,354","466,839","+1,246","16,258,539","+54,690","1,265,847","18,955",,,,,,South America, ,,,
,,Total:,"34,158,774","+121,664","813,633","+1,976","23,717,990","+108,629","9,627,151","25,538",,,,,,Europe, ,,,
,,Total:,"3,924,598","+8,771","103,869",+222,"3,483,084","+7,403","337,645","2,555",,,,,,Africa, ,,,
,,Total:,"51,161",+9,"1,088",,"34,279",,"15,794",6,,,,,,Australia/Oceania, ,,,
,,Total:,721,,15,,706,,0,0,,,,,,, ,,,
,,Total:,"114,699,158","+320,449","2,543,204","+6,397","90,257,808","+313,587","21,898,146","90,291","14,714.8",326.3,,,,All,,,,,
